COMBO,GW1,GW2,GW3,GW4,GW5,GW6,GW7,GW8,GW9,GW10,SUM,AVG PER TEAM,STD DEV,AVG * STD DEV
"ARS,AVL,WBA",1.4,1.5,1.5,1.4,2,1.5,1.5,1.4,1.5,1.5,15.2,1.52,0.1751190072,0.2661808909
"CRY,EVE,TOT",1.9,1,1.4,1.5,1.4,1.4,1.4,1.4,1.5,1.4,14.3,1.43,0.2162817093,0.3092828443
"AVL,CRY,SOU",1.4,1.5,1.5,0.9,1.4,1.4,1.9,1.4,1.5,1.4,14.3,1.43,0.2406010991,0.3440595717
"ARS,CRY,EVE",1.4,1,1.5,1.4,1.4,1.4,2,1.4,1.5,1.4,14.4,1.44,0.2412928143,0.3474616526
"ARS,AVL,LEI",1.3,1.5,1.5,1.4,1.3,1.5,1.8,1.4,1.5,0.8,14,1.4,0.2538591035,0.3554027449
"CRY,EVE,LIV",1.3,1,1.5,1.5,1.4,1.3,2,1.4,1.5,1.4,14.3,1.43,0.2496664441,0.3570230151
"CRY,EVE,LEI",1.3,1,1.5,1.5,1.3,1.4,1.8,1.4,1.5,0.8,13.5,1.35,0.2798809271,0.3778392515
"CRY,EVE,SOU",1.4,1,1.5,0.9,1.4,1.4,1.9,1.4,1.5,1.4,13.8,1.38,0.2740640639,0.3782084082
"BHA,EVE,TOT",1.9,1,1.4,1.5,1.4,0.9,1.4,1.4,1.5,1.5,13.9,1.39,0.2766867463,0.3845945773
"AVL,SOU,WBA",1.4,1.5,1.5,0.9,2,1.5,1.5,1.4,1.5,1.5,14.7,1.47,0.2626785107,0.3861374108
"ARS,CRY,NEW",1.4,1.5,1.9,1.4,1.4,1.4,2,1.4,1.9,1.4,15.7,1.57,0.2540778533,0.3989022297
"CRY,EVE,WHU",1.5,1,1.5,1.5,1.4,1.4,2,1,1.5,1.4,14.2,1.42,0.282055944,0.4005194405
"AVL,LEI,SOU",1.3,1.5,1.5,0.9,1.3,1.5,1.8,1.4,1.5,0.8,13.5,1.35,0.2990726407,0.403748065
"AVL,CHE,LEI",1.3,1.5,1.3,0.8,1.3,1.5,1.8,1.3,1.5,0.8,13.1,1.31,0.3107338983,0.4070614068
"ARS,BHA,EVE",1.4,1,1.5,1.4,1.4,0.9,2,1.4,1.5,1.5,14,1.4,0.298142397,0.4173993558
"CRY,EVE,WOL",1.8,1,1.5,0.8,1.4,1.3,0.8,1.4,1.5,1.4,12.9,1.29,0.3247221034,0.4188915134
"AVL,CRY,WOL",1.8,1.5,1.5,0.8,1.4,1.3,0.8,1.4,1.5,1.4,13.4,1.34,0.3134042473,0.4199616914
"AVL,SHU,SOU",1.4,1.5,1.3,0.9,0.8,1.5,1.9,1.4,1.5,1.3,13.5,1.35,0.313581462,0.4233349738
"ARS,EVE,FUL",1.4,1,1.5,1.4,2,1,1,1.4,1.5,1.5,13.7,1.37,0.3093002856,0.4237413913
"BHA,EVE,SOU",1.4,1,1.5,0.9,1.4,0.9,1.9,1.4,1.5,1.5,13.4,1.34,0.3169297153,0.4246858185
"ARS,EVE,WOL",1.4,1,1.5,0.8,1.8,1.3,0.8,1.4,1.5,1.5,13,1.3,0.3299831646,0.4289781139
"EVE,SOU,WOL",1.4,1,1.5,0.8,1.8,1.3,0.8,1.4,1.5,1.5,13,1.3,0.3299831646,0.4289781139
"EVE,WHU,WOL",1.5,1,1.5,0.8,1.8,1.3,0.8,1,1.5,1.5,12.7,1.27,0.3465704995,0.4401445343
"CHE,FUL,LEI",1.3,1.8,1.3,0.8,1.3,1,1,1.3,1.8,0.8,12.4,1.24,0.3565264522,0.4420928007
"ARS,EVE,WBA",1.4,1,1.5,1.4,2,2,1.5,1.4,1.5,1.5,15.2,1.52,0.2936362073,0.4463270351
"AVL,WHU,WOL",1.5,1.5,1.5,0.8,1.8,1.3,0.8,1,1.5,1.5,13.2,1.32,0.339280284,0.4478499749
"EVE,FUL,SOU",1.4,1,1.5,0.9,2,1,1,1.4,1.5,1.5,13.2,1.32,0.3425395354,0.4521521868
"BHA,EVE,WHU",1.5,1,1.5,1.5,1.4,0.9,2,1,1.5,1.5,13.8,1.38,0.3293090409,0.4544464765
"EVE,FUL,WHU",1.5,1,1.5,1.5,2,1,1,1,1.5,1.5,13.5,1.35,0.3374742789,0.4555902765
"ARS,FUL,SHU",1.4,1.8,1.3,1.4,0.8,1,1,1.4,1.9,1.3,13.3,1.33,0.3433495142,0.4566548539
"CHE,LEI,WOL",1.3,1.8,1.3,0.8,1.3,1.3,0.8,1.3,1.8,0.8,12.5,1.25,0.3689323937,0.4611654921
"ARS,CRY,FUL",1.4,2,1.5,1.4,1.4,1,1,1.4,1.9,1.4,14.4,1.44,0.3204163958,0.4613996099
"ARS,FUL,LEI",1.3,1.8,1.5,1.4,1.3,1,1,1.4,1.9,0.8,13.4,1.34,0.3470510689,0.4650484324
"AVL,CHE,WBA",1.8,1.5,1.3,0.8,2,1.5,1.5,1.3,1.5,1.5,14.7,1.47,0.3164033993,0.465112997
"ARS,FUL,NEW",1.4,1.5,1.5,1.4,2,1,1,1.4,1.9,1.5,14.6,1.46,0.3204163958,0.4678079378
"EVE,LEE,LEI",1.3,0.8,1.5,1.5,1.3,1.8,1.8,1.3,1.5,0.8,13.6,1.36,0.3470510689,0.4719894537
"CHE,EVE,WOL",1.8,1,1.3,0.8,1.8,1.3,0.8,1.3,1.5,1.5,13.1,1.31,0.3604010112,0.4721253247
"CHE,CRY,EVE",1.8,1,1.3,0.8,1.4,1.4,2,1.3,1.5,1.4,13.9,1.39,0.3446415207,0.4790517137
"EVE,TOT,WOL",1.8,1,1.4,0.8,1.8,1.3,0.8,1.4,1.5,1.5,13.3,1.33,0.3622460797,0.4817872859
"EVE,LIV,TOT",1.3,1,1.4,1.5,2.3,1.3,1.4,1.4,1.5,1.5,14.6,1.46,0.3306559138,0.4827576342
"EVE,LEI,SOU",1.3,1,1.5,0.9,1.3,1.9,1.8,1.4,1.5,0.8,13.4,1.34,0.3627058802,0.4860258795
"BHA,LIV,TOT",1.3,1.9,1.4,1.8,1.4,0.9,1.4,1.4,1.9,1.8,15.2,1.52,0.3224903099,0.4901852711
"BUR,EVE,LIV",1.3,1,1.5,1.5,1.4,1.3,2,1.9,0.9,1.5,14.3,1.43,0.3433495142,0.4909898053
"AVL,LIV,TOT",1.3,1.5,1.4,1.8,2.3,1.3,1.4,1.4,1.5,1.8,15.7,1.57,0.3128720008,0.4912090413
"EVE,SOU,WBA",1.4,1,1.5,0.9,2,1.9,1.5,1.4,1.5,1.5,14.6,1.46,0.3373096171,0.4924720409
"BHA,EVE,LEI",1.3,1,1.5,1.5,1.3,0.9,1.8,1.9,1.5,0.8,13.5,1.35,0.3659083067,0.493976214
"BHA,EVE,LIV",1.3,1,1.5,1.5,1.4,0.9,2,1.9,1.5,1.5,14.5,1.45,0.340750805,0.4940886673
"EVE,TOT,WBA",1.9,1,1.4,1.5,2,2,1.4,1.4,1.5,1.5,15.6,1.56,0.3169297153,0.4944103559
"CHE,CRY,NEW",1.8,1.5,1.3,0.8,1.4,1.4,2,1.3,1.8,1.4,14.7,1.47,0.3368151488,0.4951182687
"CHE,LEI,LIV",1.3,1.8,1.3,0.8,1.3,1.3,1.8,1.3,1.8,0.8,13.5,1.35,0.3689323937,0.4980587315
"BUR,EVE,SOU",1.4,1,1.5,0.9,1.4,1.9,1.9,1.4,0.9,1.5,13.8,1.38,0.3614784456,0.498840255
"CRY,MUN,WOL",1.8,0.8,1.8,0.8,1.4,1.3,0.8,1.4,0.8,1.4,12.3,1.23,0.405654478,0.498955008
"FUL,SHU,SOU",1.4,1.8,1.3,0.9,0.8,1,1,1.4,2,1.3,12.9,1.29,0.3871548642,0.4994297748
"BHA,NEW,TOT",1.9,1.5,1.4,2,1.4,0.9,1.4,1.4,1.9,1.5,15.3,1.53,0.3267686916,0.4999560981
"EVE,WBA,WHU",1.5,1,1.5,1.5,2,2,1.5,1,1.5,1.5,15,1.5,0.3333333333,0.5
"EVE,FUL,TOT",1.9,1,1.4,1.5,2,1,1,1.4,1.5,1.5,14.2,1.42,0.3521363372,0.5000335989
"ARS,SHU,WOL",1.4,1.8,1.3,0.8,0.8,1.3,0.8,1.4,1.9,1.3,12.8,1.28,0.391010088,0.5004929126
"CHE,CRY,LEI",1.3,1.8,1.3,0.8,1.3,1.4,1.8,1.3,1.8,0.8,13.6,1.36,0.3687817783,0.5015432185
"EVE,SHU,SOU",1.4,1,1.3,0.9,0.8,1.9,1.9,1.4,1.5,1.3,13.4,1.34,0.3747591819,0.5021773038
"CRY,MUN,SOU",1.4,0.8,1.8,0.9,1.4,1.4,1.9,1.4,0.8,1.4,13.2,1.32,0.382390144,0.5047549901
"LIV,MUN,TOT",1.3,0.8,1.4,1.8,1.8,1.3,1.4,1.4,0.8,1.8,13.8,1.38,0.3675746334,0.5072529941
"MUN,WHU,WOL",1.5,0.8,1.8,0.8,1.8,1.3,0.8,1,0.8,1.5,12.1,1.21,0.4201851444,0.5084240247
"CHE,EVE,FUL",1.8,1,1.3,0.8,2,1,1,1.3,1.5,1.5,13.2,1.32,0.3852848874,0.5085760513
"FUL,LEI,SOU",1.3,1.8,1.5,0.9,1.3,1,1,1.4,2,0.8,13,1.3,0.3915780041,0.5090514054
"EVE,LEE,WOL",1.8,0.8,1.5,0.8,1.8,1.3,0.8,1.3,1.5,1.5,13.1,1.31,0.3900142448,0.5109186606
"CHE,FUL,SHU",1.8,1.8,1.3,0.8,0.8,1,1,1.3,1.8,1.3,12.9,1.29,0.3984692934,0.5140253885
"BHA,CHE,EVE",1.8,1,1.3,0.8,1.4,0.9,2,1.3,1.5,1.5,13.5,1.35,0.3807886553,0.5140646846
"ARS,SHU,WBA",1.4,1.8,1.3,1.4,0.8,2,1.5,1.4,1.9,1.3,14.8,1.48,0.3489667288,0.5164707586
"BUR,EVE,WOL",1.8,1,1.5,0.8,1.4,1.3,0.8,1.9,0.9,1.5,12.9,1.29,0.401248053,0.5176099883
"CHE,NEW,WOL",1.8,1.5,1.3,0.8,1.8,1.3,0.8,1.3,1.8,1.5,13.9,1.39,0.3725288952,0.5178151644
"BHA,CHE,LEI",1.3,1.8,1.3,0.8,1.3,0.9,1.8,1.3,1.8,0.8,13.1,1.31,0.3956710194,0.5183290354
"BHA,CHE,WBA",1.8,1.9,1.3,0.8,1.4,0.9,1.5,1.3,1.8,1.5,14.2,1.42,0.3675746334,0.5219559794
"ARS,CRY,LEI",1.3,1.8,1.9,1.4,1.3,1.4,1.8,1.4,1.9,0.8,15,1.5,0.3496029494,0.5244044241
"ARS,AVL,CRY",1.4,1.5,1.5,1.4,1.4,1.4,2.5,1.4,1.5,1.4,15.4,1.54,0.3405877273,0.5245051001
"BHA,MCI,TOT",1.9,1.9,1.4,1.8,1.4,0.9,1.4,1.4,1.9,1.8,15.8,1.58,0.3326659987,0.5256122779
"CRY,FUL,LIV",1.3,2,1.5,1.8,1.4,1,1,1.4,2,1.4,14.8,1.48,0.3583914682,0.5304193729
"CHE,LEE,LEI",1.3,0.8,1.3,0.8,1.3,1.8,1.8,1.3,1.8,0.8,13,1.3,0.4082482905,0.5307227776
"CHE,SHU,WOL",1.8,1.8,1.3,0.8,0.8,1.3,0.8,1.3,1.8,1.3,13,1.3,0.4082482905,0.5307227776
"MUN,SHU,SOU",1.4,0.8,1.3,0.9,0.8,1.9,1.9,1.4,0.8,1.3,12.5,1.25,0.4249182928,0.531147866
"SHU,WHU,WOL",1.5,1.8,1.3,0.8,0.8,1.3,0.8,1,2,1.3,12.6,1.26,0.4221637386,0.5319263107
"CRY,FUL,SOU",1.4,2,1.5,0.9,1.4,1,1,1.4,2,1.4,14,1.4,0.380058475,0.532081865
"BUR,FUL,WHU",1.5,2,1.5,1.9,1.4,1,1,1,0.9,1.5,13.7,1.37,0.3888730155,0.5327560313
"BHA,EVE,WOL",1.8,1,1.5,0.8,1.4,0.9,0.8,1.9,1.5,1.5,13.1,1.31,0.4067486256,0.5328406996
"CHE,CRY,FUL",1.8,2,1.3,0.8,1.4,1,1,1.3,1.8,1.4,13.8,1.38,0.391010088,0.5395939214
"FUL,NEW,SOU",1.4,1.5,1.5,0.9,2,1,1,1.4,2,1.5,14.2,1.42,0.382390144,0.5429940045
"ARS,LEE,WBA",1.4,0.8,1.8,1.4,2,1.8,1.5,1.3,1.9,1.5,15.4,1.54,0.3533962208,0.5442301801
"BHA,CHE,NEW",1.8,1.5,1.3,0.8,1.4,0.9,2,1.3,1.8,1.5,14.3,1.43,0.3831158804,0.5478557089
"AVL,BUR,LEI",1.3,1.5,1.5,1.9,1.3,1.5,1.8,1.9,0.9,0.8,14.4,1.44,0.3806427313,0.5481255331
"ARS,FUL,WBA",1.4,2,1.5,1.4,2,1,1,1.4,1.9,1.5,15.1,1.51,0.363470922,0.5488410922
"CHE,FUL,NEW",1.8,1.5,1.3,0.8,2,1,1,1.3,1.8,1.5,14,1.4,0.3944053189,0.5521674464
"CRY,NEW,WHU",1.5,1.5,1.9,2,1.4,1.4,2,1,2,1.4,16.1,1.61,0.3446415207,0.5548728483
"CHE,LEI,WBA",1.3,1.8,1.3,0.8,1.3,2,1.5,1.3,1.8,0.8,13.9,1.39,0.401248053,0.5577347936
"BHA,SHU,SOU",1.4,1.8,1.3,0.9,0.8,0.9,1.9,1.4,1.9,1.3,13.6,1.36,0.4115013163,0.5596417902
"BUR,SHU,SOU",1.4,1.8,1.3,0.9,0.8,1.9,1.9,1.4,0.9,1.3,13.6,1.36,0.4115013163,0.5596417902
"AVL,CRY,MCI",2.5,1.5,1.5,1.8,1.4,1.4,1.8,1.4,1.5,1.4,16.2,1.62,0.3457680661,0.5601442671
"AVL,CRY,LIV",1.3,1.5,1.5,1.8,1.4,1.3,2.5,1.4,1.5,1.4,15.6,1.56,0.3596294389,0.5610219247
"BUR,SHU,WOL",1.8,1.8,1.3,0.8,0.8,1.3,0.8,1.9,0.9,1.3,12.7,1.27,0.4423422506,0.5617746583
"BUR,FUL,LEI",1.3,1.8,1.5,1.9,1.3,1,1,1.9,0.9,0.8,13.4,1.34,0.4195235393,0.5621615426
"AVL,CHE,CRY",1.8,1.5,1.3,0.8,1.4,1.4,2.3,1.3,1.5,1.4,14.7,1.47,0.3831158804,0.5631803441
"ARS,EVE,LIV",1.3,1,1.5,1.4,2.3,1.3,2,1.4,1.5,1.5,15.2,1.52,0.3705851229,0.5632893868
"LEI,MUN,SOU",1.3,0.8,1.8,0.9,1.3,1.9,1.8,1.4,0.8,0.8,12.8,1.28,0.4442221666,0.5686043733
"ARS,MUN,WBA",1.4,0.8,1.8,1.4,1.8,2,1.5,1.4,0.8,1.5,14.4,1.44,0.3949683532,0.5687544286
"ARS,CRY,TOT",1.4,2.5,1.4,1.4,1.4,1.4,1.4,1.4,1.9,1.4,15.6,1.56,0.365756446,0.5705800557
"CRY,EVE,WBA",2.5,1,1.5,1.5,1.4,1.4,1.5,1.4,1.5,1.4,15.1,1.51,0.3784471195,0.5714551504
"CHE,NEW,WBA",1.8,1.5,1.3,0.8,2,2,1.5,1.3,1.8,1.5,15.5,1.55,0.3689323937,0.5718452102
"CHE,LEI,SOU",1.3,1.8,1.3,0.8,1.3,1.9,1.8,1.3,1.8,0.8,14.1,1.41,0.4067486256,0.5735155621
"MUN,SOU,WBA",1.4,0.8,1.8,0.9,1.8,1.9,1.5,1.4,0.8,1.5,13.8,1.38,0.4157990968,0.5738027536
"ARS,LEE,LEI",1.3,0.8,1.8,1.4,1.3,1.8,1.8,1.3,1.9,0.8,14.2,1.42,0.4049691346,0.5750561712
"CRY,NEW,TOT",1.9,1.5,1.4,2,1.4,1.4,1.4,1.4,2.4,1.4,16.2,1.62,0.3552776692,0.5755498241
"BUR,CRY,LEI",1.3,1.8,1.9,1.9,1.3,1.4,1.8,1.4,0.9,0.8,14.5,1.45,0.3979112129,0.5769712587
"ARS,FUL,MCI",1.4,2,1.5,1.4,2,1,1,1.4,1.9,1.8,15.4,1.54,0.3747591819,0.5771291402
"AVL,MCI,TOT",1.9,1.5,1.4,1.8,2.5,1.5,1.4,1.4,1.5,1.8,16.7,1.67,0.3465704995,0.5787727341
"CHE,EVE,WBA",1.8,1,1.3,0.8,2,2,1.5,1.3,1.5,1.5,14.7,1.47,0.3945461528,0.5799828446
"ARS,FUL,LIV",1.3,2,1.5,1.4,2,1,1,1.4,1.9,1.8,15.3,1.53,0.3802046233,0.5817130736
"EVE,LEI,TOT",1.3,1,1.4,1.5,1.3,2.4,1.4,1.4,1.5,0.8,14,1.4,0.4163331999,0.5828664799
"ARS,FUL,WHU",1.4,2,1.5,1.4,2,1,1,1,1.9,1.5,14.7,1.47,0.3973523485,0.5841079524
"BHA,FUL,LIV",1.3,1.9,1.5,1.8,1.4,0.9,1,1.9,1.9,1.8,15.4,1.54,0.3806427313,0.5861898062
"AVL,LIV,SOU",1.3,1.5,1.5,0.9,2.3,1.3,1.9,1.4,1.5,1.8,15.4,1.54,0.383550663,0.5906680211
"BHA,CRY,SOU",1.4,1.9,1.9,0.9,1.4,0.9,1.9,1.4,1.9,1.4,15,1.5,0.3944053189,0.5916079783
"EVE,LIV,SOU",1.3,1,1.5,0.9,2.3,1.3,1.9,1.4,1.5,1.5,14.6,1.46,0.4060651289,0.5928550882
"BUR,FUL,LIV",1.3,2,1.5,1.8,1.4,1,1,1.9,0.9,1.8,14.6,1.46,0.4060651289,0.5928550882
"EVE,MUN,SOU",1.4,0.8,1.5,0.9,1.8,1.9,1.9,1.4,0.8,1.5,13.9,1.39,0.4280446498,0.5949820632
"BHA,CHE,MCI",1.8,1.9,1.3,0.8,1.4,0.9,1.8,1.3,1.8,1.8,14.8,1.48,0.4022160834,0.5952798035
"CHE,SHU,SOU",1.4,1.8,1.3,0.8,0.8,1.9,1.9,1.3,1.8,1.3,14.3,1.43,0.4164666186,0.5955472647
"ARS,SHU,SOU",1.4,1.8,1.3,0.9,0.8,1.9,1.9,1.4,1.9,1.3,14.6,1.46,0.4087922591,0.5968366983
"BUR,LEE,LEI",1.3,0.8,1.8,1.9,1.3,1.8,1.8,1.3,0.9,0.8,13.7,1.37,0.437289632,0.5990867958
"CRY,EVE,MCI",2.5,1,1.5,1.5,1.4,1.4,1.8,1.4,1.5,1.4,15.4,1.54,0.3893013686,0.5995241076
"ARS,CRY,WBA",1.4,2.5,1.9,1.4,1.4,1.4,1.5,1.4,1.9,1.4,16.2,1.62,0.3705851229,0.6003478991
"EVE,LIV,WHU",1.3,1,1.5,1.5,2.3,1.3,2,1,1.5,1.5,14.9,1.49,0.4040077007,0.601971474
"AVL,NEW,TOT",1.9,1.5,1.4,2,2.5,1.5,1.4,1.4,1.5,1.5,16.6,1.66,0.3627058802,0.6020917612
"LIV,MUN,SOU",1.3,0.8,1.8,0.9,1.8,1.3,1.9,1.4,0.8,1.8,13.8,1.38,0.4366539438,0.6025824425
"CHE,SHU,WBA",1.8,1.8,1.3,0.8,0.8,2,1.5,1.3,1.8,1.3,14.4,1.44,0.4195235393,0.6041138965
"CRY,LIV,NEW",1.3,1.5,1.9,1.8,1.4,1.3,2,1.4,2.4,1.4,16.4,1.64,0.3687817783,0.6048021164
"CHE,MUN,WBA",1.8,0.8,1.3,0.8,1.8,2,1.5,1.3,0.8,1.5,13.6,1.36,0.4452215429,0.6055012983
"CHE,LEE,WBA",1.8,0.8,1.3,0.8,2,1.8,1.5,1.3,1.8,1.5,14.6,1.46,0.4168666187,0.6086252633
"LEE,WHU,WOL",1.5,0.8,1.8,0.8,1.8,1.3,0.8,1,2,1.5,13.3,1.33,0.4595891885,0.6112536208
"EVE,LEE,LIV",1.3,0.8,1.5,1.5,2.3,1.3,2,1.3,1.5,1.5,15,1.5,0.4082482905,0.6123724357
"FUL,NEW,WHU",1.5,1.5,1.5,2,2,1,1,1,2,1.5,15,1.5,0.4082482905,0.6123724357
"ARS,AVL,SHU",1.4,1.5,1.3,1.4,0.8,1.5,2.5,1.4,1.5,1.3,14.6,1.46,0.4195235393,0.6125043673
"AVL,LEI,TOT",1.3,1.5,1.4,2.5,1.3,1.5,1.4,1.4,1.5,0.8,14.6,1.46,0.4195235393,0.6125043673
"CHE,FUL,WHU",1.5,2,1.3,0.8,2,1,1,1,1.8,1.5,13.9,1.39,0.4408325457,0.6127572385
"ARS,CRY,MCI",1.4,2.5,1.9,1.4,1.4,1.4,1.8,1.4,1.9,1.4,16.5,1.65,0.3719318934,0.6136876241
"FUL,NEW,TOT",1.9,1.5,1.4,2,2,1,1,1.4,2,1.5,15.7,1.57,0.3917198545,0.6150001716
"AVL,EVE,TOT",1.9,1,1.4,1.5,2.5,1.5,1.4,1.4,1.5,1.5,15.6,1.56,0.3949683532,0.6161506309
"LEI,MUN,WOL",1.3,0.8,1.8,0.8,1.3,1.3,0.8,2.3,0.8,0.8,12,1.2,0.5163977795,0.6196773354
"MUN,SHU,WOL",1.8,0.8,1.3,0.8,0.8,1.3,0.8,2.3,0.8,1.3,12,1.2,0.5163977795,0.6196773354
"CRY,EVE,FUL",2.5,1,1.5,1.5,1.4,1,1,1.4,1.5,1.4,14.2,1.42,0.4366539438,0.6200486002
"AVL,CHE,SHU",1.8,1.5,1.3,0.8,0.8,1.5,2.3,1.3,1.5,1.3,14.1,1.41,0.4408325457,0.6215738894
"FUL,SOU,WBA",1.4,2,1.5,0.9,2,1,1,1.4,2,1.5,14.7,1.47,0.4243949942,0.6238606415
"CRY,FUL,WOL",1.8,2,1.5,0.8,1.4,1,0.8,1.4,2,1.4,14.1,1.41,0.4433458645,0.6251176689
"AVL,CRY,NEW",2.5,1.5,1.5,2,1.4,1.4,2,1.4,1.5,1.4,16.6,1.66,0.3777124126,0.627002605
"BUR,EVE,TOT",1.9,1,1.4,1.5,1.4,2.4,1.4,1.4,0.9,1.5,14.8,1.48,0.4237399622,0.627135144
"FUL,LIV,TOT",1.3,2,1.4,1.8,2,1,1,1.4,2,1.8,15.7,1.57,0.4001388648,0.6282180177
"CHE,EVE,LIV",1.3,1,1.3,0.8,2.3,1.3,2,1.3,1.5,1.5,14.3,1.43,0.4398231968,0.6289471714
"CHE,FUL,LIV",1.3,2,1.3,0.8,2,1,1,1.3,1.8,1.8,14.3,1.43,0.4398231968,0.6289471714
"CHE,CRY,MUN",1.8,0.8,1.3,0.8,1.4,1.4,2.3,1.3,0.8,1.4,13.3,1.33,0.4738729319,0.6302509994
"MUN,NEW,SOU",1.4,0.8,1.8,0.9,1.8,1.9,1.9,1.4,0.8,1.5,14.2,1.42,0.4467164151,0.6343373095
"CHE,FUL,WBA",1.8,2,1.3,0.8,2,1,1,1.3,1.8,1.5,14.5,1.45,0.4377975179,0.6348064009
"FUL,LEE,LIV",1.3,0.8,1.5,1.8,2,1,1,1.3,2,1.8,14.5,1.45,0.4377975179,0.6348064009
"BUR,NEW,TOT",1.9,1.5,1.4,1.9,1.4,2.4,1.4,1.4,0.9,1.5,15.7,1.57,0.405654478,0.6368775305
"AVL,CRY,EVE",2.5,1,1.5,1.5,1.4,1.4,2,1.4,1.5,1.4,15.6,1.56,0.4087922591,0.6377159242
"CRY,EVE,NEW",2.5,1,1.5,1.5,1.4,1.4,2,1.4,1.5,1.4,15.6,1.56,0.4087922591,0.6377159242
"CRY,NEW,SOU",1.4,1.5,1.9,0.9,1.4,1.4,1.9,1.4,2.4,1.4,15.6,1.56,0.4087922591,0.6377159242
"SHU,SOU,WHU",1.4,1.8,1.3,0.9,0.8,1.9,1.9,1,2,1.3,14.3,1.43,0.4473378042,0.6396930601
"FUL,MCI,WHU",1.5,2,1.5,1.8,2,1,1,1,2,1.5,15.3,1.53,0.4191260749,0.6412628946
"ARS,MCI,SHU",1.4,1.8,1.3,1.4,0.8,2.3,1.8,1.4,1.9,1.3,15.4,1.54,0.4168666187,0.6419745928
"CHE,LIV,NEW",1.3,1.5,1.3,0.8,2.3,1.3,2,1.3,1.8,1.5,15.1,1.51,0.4254409477,0.6424158311
"FUL,LIV,WHU",1.3,2,1.5,1.8,2,1,1,1,2,1.5,15.1,1.51,0.4254409477,0.6424158311
"FUL,SOU,WHU",1.4,2,1.5,0.9,2,1,1,1,2,1.5,14.3,1.43,0.4498147767,0.6432351307
"CHE,LIV,SHU",1.3,1.8,1.3,0.8,0.8,1.3,2.3,1.3,1.8,1.3,14,1.4,0.4594682917,0.6432556084
"MUN,SOU,WHU",1.4,0.8,1.8,0.9,1.8,1.9,1.9,1,0.8,1.5,13.8,1.38,0.466190233,0.6433425215
"BHA,SHU,WOL",1.8,1.8,1.3,0.8,0.8,0.9,0.8,1.9,1.9,1.3,13.3,1.33,0.4854551129,0.6456553002
"EVE,SHU,TOT",1.9,1,1.3,1.5,0.8,2.4,1.4,1.4,1.5,1.3,14.5,1.45,0.4453463072,0.6457521454
"FUL,WHU,WOL",1.5,2,1.5,0.8,1.8,1,0.8,1,2,1.5,13.9,1.39,0.4653553003,0.6468438675
"AVL,CRY,LEI",1.3,1.5,1.5,2.5,1.3,1.4,1.8,1.4,1.5,0.8,15,1.5,0.4320493799,0.6480740698
"BHA,CRY,WOL",1.8,1.9,1.9,0.8,1.4,0.9,0.8,1.4,1.9,1.4,14.2,1.42,0.4565571645,0.6483111736
"ARS,SHU,TOT",1.4,1.8,1.3,1.4,0.8,2.4,1.4,1.4,1.9,1.3,15.1,1.51,0.4306326096,0.6502552405
"ARS,LEI,TOT",1.3,1.8,1.4,1.4,1.3,2.4,1.4,1.4,1.9,0.8,15.1,1.51,0.4306326096,0.6502552405
"CHE,CRY,LEE",1.8,0.8,1.3,0.8,1.4,1.4,2.3,1.3,1.8,1.4,14.3,1.43,0.4547282461,0.6502613919
"MCI,MUN,SOU",1.4,0.8,1.8,0.9,1.8,1.9,1.8,1.4,0.8,1.8,14.4,1.44,0.4526465386,0.6518110156
"FUL,MCI,TOT",1.9,2,1.4,1.8,2,1,1,1.4,2,1.8,16.3,1.63,0.4001388648,0.6522263496
"ARS,TOT,WBA",1.4,2.5,1.4,1.4,2,2,1.4,1.4,1.9,1.5,16.9,1.69,0.3871548642,0.6542917205
"FUL,MCI,SOU",1.4,2,1.5,0.9,2,1,1,1.4,2,1.8,15,1.5,0.4371625683,0.6557438524
"FUL,LIV,SOU",1.3,2,1.5,0.9,2,1,1,1.4,2,1.8,14.9,1.49,0.4408325457,0.6568404931
"EVE,SOU,TOT",1.4,1,1.4,0.9,2.5,1.9,1.4,1.4,1.5,1.5,14.9,1.49,0.4483302354,0.6680120508
"CHE,FUL,MCI",1.8,2,1.3,0.8,2,1,1,1.3,1.8,1.8,14.8,1.48,0.4516635916,0.6684621156
"CHE,LIV,MUN",1.3,0.8,1.3,0.8,1.8,1.3,2.3,1.3,0.8,1.8,13.5,1.35,0.497214463,0.6712395251
"BHA,TOT,WBA",1.9,1.9,1.4,2.4,1.4,0.9,1.4,1.4,1.9,1.5,16.1,1.61,0.4175324339,0.6722272185
"BHA,CRY,TOT",1.9,1.9,1.4,2.4,1.4,0.9,1.4,1.4,1.9,1.4,16,1.6,0.4216370214,0.6746192342
"AVL,BUR,WHU",1.5,1.5,1.5,1.9,1.4,1.5,2.5,1,0.9,1.5,15.2,1.52,0.4442221666,0.6752176933
"CHE,CRY,WBA",1.8,2.5,1.3,0.8,1.4,1.4,1.5,1.3,1.8,1.4,15.2,1.52,0.4442221666,0.6752176933
"LIV,SHU,TOT",1.3,1.8,1.3,1.8,0.8,1.3,1.4,1.4,2.5,1.3,14.9,1.49,0.453259798,0.675357099
"AVL,LEI,WHU",1.3,1.5,1.5,2.5,1.3,1.5,1.8,1,1.5,0.8,14.7,1.47,0.4595891885,0.6755961072
"BHA,TOT,WHU",1.5,1.9,1.4,2.4,1.4,0.9,1.4,1,1.9,1.5,15.3,1.53,0.4423422506,0.6767836434
"BHA,CHE,WHU",1.5,1.9,1.3,0.8,1.4,0.9,2.3,1,1.8,1.5,14.4,1.44,0.4718756898,0.6795009934
"CHE,LEI,TOT",1.3,1.8,1.3,0.8,1.3,2.4,1.4,1.3,1.8,0.8,14.2,1.42,0.4802776974,0.6819943304
"BUR,LEE,WOL",1.8,0.8,1.8,0.8,1.4,1.3,0.8,1.3,0.9,2.3,13.2,1.32,0.5181162461,0.6839134448
"CRY,EVE,LEE",2.5,0.8,1.5,1.5,1.4,1.4,2,1.3,1.5,1.4,15.3,1.53,0.4473378042,0.6844268405
"AVL,BHA,LIV",1.3,1.5,1.5,1.8,1.4,0.9,2.5,1.9,1.5,1.8,16.1,1.61,0.4254409477,0.6849599258
"CHE,LEI,MCI",1.3,1.8,1.3,0.8,1.3,2.3,1.8,1.3,1.8,0.8,14.5,1.45,0.474341649,0.6877953911
"BUR,LEI,TOT",1.3,1.8,1.4,1.9,1.3,2.4,1.4,1.4,0.9,0.8,14.6,1.46,0.4718756898,0.6889385072
"CHE,CRY,SHU",1.8,1.8,1.3,0.8,0.8,1.4,2.3,1.3,1.8,1.3,14.6,1.46,0.4718756898,0.6889385072
"CRY,SHU,SOU",1.4,1.8,1.3,0.9,0.8,1.4,1.9,1.4,2.4,1.3,14.6,1.46,0.4718756898,0.6889385072
"BHA,LEI,TOT",1.3,1.8,1.4,2.4,1.3,0.9,1.4,1.4,1.9,0.8,14.6,1.46,0.4718756898,0.6889385072
"BUR,CRY,EVE",2.5,1,1.5,1.5,1.4,1.4,2,1.4,0.9,1.4,15,1.5,0.4594682917,0.6892024376
"CRY,LEE,SOU",1.4,0.8,1.8,0.9,1.4,1.4,1.9,1.3,2.4,1.4,14.7,1.47,0.4691600059,0.6896652086
"BHA,CHE,CRY",1.8,1.9,1.3,0.8,1.4,0.9,2.3,1.3,1.8,1.4,14.9,1.49,0.4629614815,0.6898126074
"BHA,CHE,LIV",1.3,1.9,1.3,0.8,1.4,0.9,2.3,1.3,1.8,1.8,14.8,1.48,0.466190233,0.6899615448
"EVE,LEE,TOT",1.9,0.8,1.4,1.5,2.5,1.8,1.4,1.3,1.5,1.5,15.6,1.56,0.4427188724,0.690641441
"BHA,CRY,EVE",2.5,1,1.5,1.5,1.4,0.9,2,1.4,1.5,1.4,15.1,1.51,0.4581363213,0.6917858452
"AVL,BUR,LIV",1.3,1.5,1.5,1.8,1.4,1.3,2.5,1.9,0.9,1.8,15.9,1.59,0.4357624225,0.6928622518
"LEE,LEI,WOL",1.3,0.8,1.8,0.8,1.3,1.3,0.8,1.3,2.5,0.8,12.7,1.27,0.5457919832,0.6931558186
"LEE,SHU,WOL",1.8,0.8,1.3,0.8,0.8,1.3,0.8,1.3,2.5,1.3,12.7,1.27,0.5457919832,0.6931558186
"BHA,NEW,SOU",1.4,1.5,2.4,0.9,1.4,0.9,1.9,1.4,1.9,1.5,15.2,1.52,0.4565571645,0.69396689
"BHA,SOU,WBA",1.4,1.9,2.4,0.9,1.4,0.9,1.5,1.4,1.9,1.5,15.2,1.52,0.4565571645,0.69396689
"BUR,NEW,SOU",1.4,1.5,2.4,0.9,1.4,1.9,1.9,1.4,0.9,1.5,15.2,1.52,0.4565571645,0.69396689
"AVL,LEE,WOL",1.8,0.8,1.5,0.8,1.8,1.3,0.8,1.3,1.5,2.3,13.9,1.39,0.4998888765,0.6948455384
"ARS,AVL,LIV",1.3,1.5,1.5,1.4,2.3,1.3,2.5,1.4,1.5,1.8,16.5,1.65,0.4222953153,0.6967872703
"LIV,MUN,WBA",1.3,0.8,1.8,1.8,1.8,1.3,1.5,2.3,0.8,1.5,14.9,1.49,0.4677368681,0.6969279335
"AVL,LEE,LEI",1.3,0.8,1.5,2.5,1.3,1.5,1.8,1.3,1.5,0.8,14.3,1.43,0.4877385456,0.6974661202
"LEI,TOT,WOL",1.3,1.8,1.4,0.8,1.3,1.3,0.8,1.4,2.5,0.8,13.4,1.34,0.5211099266,0.6982873016
"SHU,SOU,WOL",1.4,1.8,1.3,0.8,0.8,1.3,0.8,1.4,2.5,1.3,13.4,1.34,0.5211099266,0.6982873016
"AVL,BHA,LEI",1.3,1.5,1.5,2.4,1.3,0.9,1.8,1.9,1.5,0.8,14.9,1.49,0.4701063709,0.7004584927
"CRY,LEI,MCI",1.3,1.8,1.9,1.8,1.3,1.4,1.8,1.4,2.4,0.8,15.9,1.59,0.4408325457,0.7009237476
"AVL,CHE,MCI",1.8,1.5,1.3,0.8,2.5,1.5,1.8,1.3,1.5,1.8,15.8,1.58,0.4442221666,0.7018710233
"ARS,FUL,LEE",1.4,0.8,1.5,1.4,2,1,1,1.3,1.9,2.3,14.6,1.46,0.4812021982,0.7025552094
"EVE,LIV,MUN",1.3,0.8,1.5,1.5,1.8,1.3,2,2.3,0.8,1.5,14.8,1.48,0.4756282395,0.7039297945
"CRY,LEI,LIV",1.3,1.8,1.9,1.8,1.3,1.3,1.8,1.4,2.4,0.8,15.8,1.58,0.4467164151,0.7058119359
"BUR,LEE,TOT",1.9,0.8,1.4,1.9,1.4,1.8,1.4,1.3,0.9,2.3,15.1,1.51,0.4677368681,0.7062826708
"CRY,EVE,SHU",2.5,1,1.3,1.5,0.8,1.4,2,1.4,1.5,1.3,14.7,1.47,0.4808557187,0.7068579065
"BHA,FUL,WHU",1.5,1.9,1.5,2.4,1.4,0.9,1,1,1.9,1.5,15,1.5,0.4714045208,0.7071067812
"CRY,NEW,WOL",1.8,1.5,1.9,0.8,1.4,1.3,0.8,1.4,2.4,1.4,14.7,1.47,0.4831608888,0.7102465065
"CRY,SHU,WOL",1.8,1.8,1.3,0.8,0.8,1.3,0.8,1.4,2.4,1.3,13.7,1.37,0.5186520992,0.7105533759
"BHA,CHE,SHU",1.8,1.8,1.3,0.8,0.8,0.9,2.3,1.3,1.8,1.3,14.1,1.41,0.5043147166,0.7110837503
"CRY,LEI,NEW",1.3,1.5,1.9,2,1.3,1.4,1.8,1.4,2.4,0.8,15.8,1.58,0.4516635916,0.7136284748
"ARS,CRY,SOU",1.4,2.5,1.9,0.9,1.4,1.4,1.9,1.4,1.9,1.4,16.1,1.61,0.4433458645,0.7137868418
"AVL,CHE,NEW",1.8,1.5,1.3,0.8,2.5,1.5,2,1.3,1.5,1.5,15.7,1.57,0.4547282461,0.7139233463
"EVE,MUN,TOT",1.9,0.8,1.4,1.5,1.8,2.4,1.4,1.4,0.8,1.5,14.9,1.49,0.479467297,0.7144062725
"CRY,LEE,WOL",1.8,0.8,1.8,0.8,1.4,1.3,0.8,1.3,2.4,1.4,13.8,1.38,0.5181162461,0.7150004196
"EVE,MUN,WOL",1.8,0.8,1.5,0.8,1.8,1.3,0.8,2.3,0.8,1.5,13.4,1.34,0.5337498374,0.7152247821
"CHE,LIV,WBA",1.3,2.5,1.3,0.8,2,1.3,1.5,1.3,1.8,1.5,15.3,1.53,0.4691600059,0.717814809
"FUL,LIV,MUN",1.3,0.8,1.5,1.8,1.8,1,1,2.3,0.8,1.8,14.1,1.41,0.510881591,0.7203430433
"BUR,LEE,SOU",1.4,0.8,1.8,0.9,1.4,1.8,1.9,1.3,0.9,2.3,14.5,1.45,0.497214463,0.7209609714
"ARS,MCI,MUN",1.4,0.8,1.8,1.4,1.8,2.3,1.8,1.4,0.8,1.8,15.3,1.53,0.4715223572,0.7214292065
"CHE,LEE,WOL",1.8,0.8,1.3,0.8,1.8,1.3,0.8,1.3,1.8,2.3,14,1.4,0.5163977795,0.7229568913
"CHE,LEE,SHU",1.8,0.8,1.3,0.8,0.8,1.8,2.3,1.3,1.8,1.3,14,1.4,0.5163977795,0.7229568913
"LEI,LIV,MUN",1.3,0.8,1.8,1.8,1.3,1.3,1.8,2.3,0.8,0.8,14,1.4,0.5163977795,0.7229568913
"CHE,SHU,TOT",1.8,1.8,1.3,0.8,0.8,2.4,1.4,1.3,1.8,1.3,14.7,1.47,0.4922736366,0.7236422459
"LIV,SHU,SOU",1.3,1.8,1.3,0.9,0.8,1.3,1.9,1.4,2.5,1.3,14.5,1.45,0.4994441355,0.7241939964
"CHE,MCI,SHU",1.8,1.8,1.3,0.8,0.8,2.3,1.8,1.3,1.8,1.3,15,1.5,0.4830458915,0.7245688373
"CRY,LEI,SOU",1.3,1.8,1.9,0.9,1.3,1.4,1.8,1.4,2.4,0.8,15,1.5,0.4830458915,0.7245688373
"MCI,SHU,WHU",1.5,1.8,1.3,1.8,0.8,2.3,1.8,1,2,1.3,15.6,1.56,0.4647580015,0.7250224824
"BUR,LIV,NEW",1.3,1.5,2.5,1.8,1.4,1.3,2,1.9,0.9,1.5,16.1,1.61,0.4508017549,0.7257908254
"AVL,CHE,LIV",1.3,1.5,1.3,0.8,2.3,1.3,2.3,1.3,1.5,1.8,15.4,1.54,0.4718756898,0.7266885624
"SHU,SOU,TOT",1.4,1.8,1.3,0.9,0.8,1.9,1.4,1.4,2.5,1.3,14.7,1.47,0.4945255864,0.7269526119
"FUL,LEE,LEI",1.3,0.8,1.5,2.5,1.3,1,1,1.3,2,0.8,13.5,1.35,0.5400617249,0.7290833286
"BUR,CRY,NEW",2.5,1.5,1.9,1.9,1.4,1.4,2,1.4,0.9,1.4,16.3,1.63,0.4473378042,0.7291606209
"BUR,TOT,WBA",1.9,2.5,1.4,1.9,1.4,2,1.4,1.4,0.9,1.5,16.3,1.63,0.4473378042,0.7291606209
"ARS,NEW,TOT",1.4,1.5,1.4,1.4,2.5,2.4,1.4,1.4,1.9,1.5,16.8,1.68,0.4341018826,0.7292911627
"CRY,LEI,WOL",1.3,1.8,1.9,0.8,1.3,1.3,0.8,1.4,2.4,0.8,13.8,1.38,0.5287301349,0.7296475862
"CRY,MCI,NEW",2.5,1.5,1.9,1.8,1.4,1.4,1.8,1.4,2.4,1.4,17.5,1.75,0.4169998668,0.7297497669
"ARS,LIV,TOT",1.3,2.5,1.4,1.4,2.3,1.3,1.4,1.4,1.9,1.8,16.7,1.67,0.437289632,0.7302736854
"SHU,SOU,WBA",1.4,1.8,1.3,0.9,0.8,1.9,1.5,1.4,2.5,1.3,14.8,1.48,0.4939635614,0.7310660709
"BHA,CRY,MCI",2.5,1.9,1.9,1.8,1.4,0.9,1.8,1.4,1.9,1.4,16.9,1.69,0.4332051092,0.7321166346
"CHE,NEW,SOU",1.4,1.5,1.3,0.8,2.5,1.9,1.9,1.3,1.8,1.5,15.9,1.59,0.4605552205,0.7322828006
"NEW,TOT,WOL",1.8,1.5,1.4,0.8,1.8,1.3,0.8,1.4,2.5,1.5,14.8,1.48,0.4962078418,0.7343876058
"CRY,FUL,NEW",2.5,1.5,1.5,2,1.4,1,1,1.4,2,1.4,15.7,1.57,0.4691600059,0.7365812092
"CRY,EVE,MUN",2.5,0.8,1.5,1.5,1.4,1.4,2,1.4,0.8,1.4,14.7,1.47,0.501220732,0.7367944761
"MCI,MUN,TOT",1.9,0.8,1.4,1.8,1.8,2.3,1.4,1.4,0.8,1.8,15.4,1.54,0.4788875999,0.7374869038
"CHE,EVE,SOU",1.4,1,1.3,0.8,2.5,1.9,1.9,1.3,1.5,1.5,15.1,1.51,0.488648931,0.7378598858
"BHA,LEE,SOU",1.4,0.8,1.8,0.9,1.4,0.9,1.9,1.3,1.9,2.3,14.6,1.46,0.5059644256,0.7387080614
"BHA,SHU,TOT",1.9,1.8,1.3,2.4,0.8,0.9,1.4,1.4,1.9,1.3,15.1,1.51,0.4909175083,0.7412854376
"BUR,SHU,TOT",1.9,1.8,1.3,1.9,0.8,2.4,1.4,1.4,0.9,1.3,15.1,1.51,0.4909175083,0.7412854376
"LIV,MUN,WOL",1.3,0.8,1.8,0.8,1.8,1.3,0.8,2.3,0.8,1.8,13.5,1.35,0.5502524673,0.7428408309
"LEE,MUN,WOL",1.8,0.8,1.8,0.8,1.8,1.3,0.8,1.3,0.8,2.3,13.5,1.35,0.5502524673,0.7428408309
"AVL,CHE,EVE",1.8,1,1.3,0.8,2.5,1.5,2,1.3,1.5,1.5,15.2,1.52,0.4894441291,0.7439550763
"BHA,MCI,SOU",1.4,1.9,2.4,0.9,1.4,0.9,1.8,1.4,1.9,1.8,15.8,1.58,0.4709328803,0.7440739509
"ARS,LEE,WOL",1.4,0.8,1.8,0.8,1.8,1.3,0.8,1.3,1.9,2.3,14.2,1.42,0.5245103537,0.7448047022
"FUL,LEE,SOU",1.4,0.8,1.5,0.9,2,1,1,1.3,2,2.3,14.2,1.42,0.5245103537,0.7448047022
"SHU,TOT,WOL",1.8,1.8,1.3,0.8,0.8,1.3,0.8,1.4,2.5,1.3,13.8,1.38,0.5411920998,0.7468450977
"AVL,LIV,WHU",1.3,1.5,1.5,1.8,2.3,1.3,2.5,1,1.5,1.5,16.2,1.62,0.4613988393,0.7474661196
"NEW,SHU,SOU",1.4,1.5,1.3,0.9,0.8,1.9,1.9,1.4,2.5,1.3,14.9,1.49,0.502106673,0.7481389428
"FUL,LEI,TOT",1.3,1.8,1.4,2.5,1.3,1,1,1.4,2,0.8,14.5,1.45,0.516935414,0.7495563503
"EVE,MCI,TOT",1.9,1,1.4,1.5,2.5,2.3,1.4,1.4,1.5,1.5,16.4,1.64,0.4575295983,0.7503485412
"CHE,FUL,LEE",1.8,0.8,1.3,0.8,2,1,1,1.3,1.8,2.3,14.1,1.41,0.5321862665,0.7503826357
"CHE,SOU,WBA",1.4,2.5,1.3,0.8,2,1.9,1.5,1.3,1.8,1.5,16,1.6,0.469041576,0.7504665216
"CRY,LEI,MUN",1.3,0.8,1.8,2.5,1.3,1.4,1.8,1.4,0.8,0.8,13.9,1.39,0.5404730438,0.7512575309
"MCI,MUN,WHU",1.5,0.8,1.8,1.8,1.8,2.3,1.8,1,0.8,1.5,15.1,1.51,0.4976611967,0.751468407
"CRY,NEW,WBA",2.5,1.5,1.9,2,1.4,1.4,1.5,1.4,2.4,1.4,17.4,1.74,0.4325634186,0.7526603484
"BHA,LEI,SOU",1.3,1.8,2.4,0.9,1.3,0.9,1.8,1.4,1.9,0.8,14.5,1.45,0.5190803834,0.7526665559
"BUR,LEI,SOU",1.3,1.8,2.4,0.9,1.3,1.9,1.8,1.4,0.9,0.8,14.5,1.45,0.5190803834,0.7526665559
"LIV,MCI,MUN",1.3,0.8,1.8,1.8,1.8,1.3,1.8,2.3,0.8,1.8,15.5,1.55,0.4859126579,0.7531646198
"CRY,FUL,LEI",1.3,1.8,1.5,2.5,1.3,1,1,1.4,2,0.8,14.6,1.46,0.5168279318,0.7545687805
"ARS,EVE,TOT",1.4,1,1.4,1.4,2.5,2.4,1.4,1.4,1.5,1.5,15.9,1.59,0.4748099035,0.7549477465
"BUR,CHE,WBA",1.8,2.5,1.3,0.8,1.4,2,1.5,1.3,0.9,1.5,15,1.5,0.5033222957,0.7549834435
"LEE,SHU,SOU",1.4,0.8,1.3,0.9,0.8,1.8,1.9,1.3,2.5,1.3,14,1.4,0.5395471352,0.7553659893
"MUN,NEW,WOL",1.8,0.8,1.8,0.8,1.8,1.3,0.8,2.3,0.8,1.5,13.7,1.37,0.5518655231,0.7560557666
"MUN,WBA,WOL",1.8,0.8,1.8,0.8,1.8,1.3,0.8,2.3,0.8,1.5,13.7,1.37,0.5518655231,0.7560557666
"CRY,LIV,WBA",1.3,2.5,1.9,1.8,1.4,1.3,1.5,1.4,2.4,1.4,16.9,1.69,0.4483302354,0.7576780979
"CRY,FUL,MCI",2.5,2,1.5,1.8,1.4,1,1,1.4,2,1.4,16,1.6,0.4737556801,0.7580090882
"BHA,LEE,WOL",1.8,0.8,1.8,0.8,1.4,0.9,0.8,1.3,1.9,2.3,13.8,1.38,0.549343042,0.7580933979
"BUR,CRY,FUL",2.5,2,1.5,1.9,1.4,1,1,1.4,0.9,1.4,15,1.5,0.5055250296,0.7582875444
"ARS,CRY,WOL",1.4,2.5,1.9,0.8,1.4,1.3,0.8,1.4,1.9,1.4,14.8,1.48,0.5138093031,0.7604377687
"CRY,MCI,MUN",2.5,0.8,1.8,1.8,1.4,1.4,1.8,1.4,0.8,1.4,15.1,1.51,0.5043147166,0.761515222
"MCI,SHU,SOU",1.4,1.8,1.3,0.9,0.8,1.9,1.8,1.4,2.5,1.3,15.1,1.51,0.5043147166,0.761515222
"LIV,MUN,NEW",1.3,0.8,1.8,1.8,1.8,1.3,2,2.3,0.8,1.5,15.4,1.54,0.4948624949,0.7620882422
"BHA,LIV,SOU",1.3,1.9,2.4,0.9,1.4,0.9,1.9,1.4,1.9,1.8,15.8,1.58,0.4825856286,0.7624852931
"FUL,LEI,WHU",1.3,1.8,1.5,2.5,1.3,1,1,1,2,0.8,14.2,1.42,0.5370702416,0.7626397431
"BHA,LEE,LEI",1.3,0.8,1.8,2.4,1.3,0.9,1.8,1.3,1.9,0.8,14.3,1.43,0.5334374898,0.7628156105
"ARS,AVL,MCI",1.4,1.5,1.5,1.4,2.9,1.5,1.8,1.4,1.5,1.8,16.7,1.67,0.457165178,0.7634658473
"BHA,FUL,LEI",1.3,1.8,1.5,2.4,1.3,0.9,1,1.9,1.9,0.8,14.8,1.48,0.5159672686,0.7636315575
"BHA,SOU,WHU",1.4,1.9,2.4,0.9,1.4,0.9,1.9,1,1.9,1.5,15.2,1.52,0.5028805911,0.7643784984
"CHE,WBA,WOL",1.8,2.5,1.3,0.8,1.8,1.3,0.8,1.3,1.8,1.5,14.9,1.49,0.5130518709,0.7644472876
"BHA,CRY,NEW",2.5,1.5,1.9,2,1.4,0.9,2,1.4,1.9,1.4,16.9,1.69,0.453259798,0.7660090585
"BUR,LEI,WOL",1.3,1.8,2.5,0.8,1.3,1.3,0.8,1.9,0.9,0.8,13.4,1.34,0.5719362824,0.7663946184
"CHE,MCI,MUN",1.8,0.8,1.3,0.8,1.8,2.3,1.8,1.3,0.8,1.8,14.5,1.45,0.5296749527,0.7680286815
"ARS,CHE,WBA",1.4,2.5,1.3,0.8,2,2,1.5,1.3,1.8,1.5,16.1,1.61,0.4771442829,0.7682022954
"ARS,LEI,SOU",1.3,1.8,2.4,0.9,1.3,1.9,1.8,1.4,1.9,0.8,15.5,1.55,0.497214463,0.7706824177
"BHA,CRY,LEI",1.3,1.8,1.9,2.4,1.3,0.9,1.8,1.4,1.9,0.8,15.5,1.55,0.497214463,0.7706824177
"LEE,MUN,SOU",1.4,0.8,1.8,0.9,1.8,1.8,1.9,1.3,0.8,2.3,14.8,1.48,0.5223876806,0.7731337674
"BUR,NEW,WOL",1.8,1.5,2.5,0.8,1.4,1.3,0.8,1.9,0.9,1.5,14.4,1.44,0.5378971401,0.7745718818
"MUN,NEW,TOT",1.9,0.8,1.4,2,1.8,2.4,1.4,1.4,0.8,1.5,15.4,1.54,0.5059644256,0.7791852155
"FUL,LEE,WOL",1.8,0.8,1.5,0.8,1.8,1,0.8,1.3,2,2.3,14.1,1.41,0.5526702855,0.7792651025
"CHE,MCI,WBA",1.8,2.5,1.3,0.8,2,2,1.5,1.3,1.8,1.5,16.5,1.65,0.474341649,0.7826637209
"EVE,NEW,TOT",1.9,1,1.4,1.5,2.5,2.4,1.4,1.4,1.5,1.5,16.5,1.65,0.474341649,0.7826637209
"CHE,TOT,WBA",1.8,2.5,1.3,0.8,2,2,1.4,1.3,1.8,1.5,16.4,1.64,0.4788875999,0.7853756638
"BHA,LEI,MUN",1.3,0.8,1.8,2.4,1.3,0.9,1.8,1.9,0.8,0.8,13.8,1.38,0.5692099788,0.7855097708
"ARS,CHE,CRY",1.4,2.5,1.3,0.8,1.4,1.4,2.3,1.3,1.8,1.4,15.6,1.56,0.5059644256,0.789304504
"EVE,TOT,WHU",1.5,1,1.4,1.5,2.5,2.4,1.4,1,1.5,1.5,15.7,1.57,0.5034326613,0.7903892782
"LEE,LIV,WOL",1.3,0.8,1.8,0.8,1.8,1.3,0.8,1.3,2.5,1.8,14.2,1.42,0.5573747991,0.7914722147
"LEE,LEI,MUN",1.3,0.8,1.8,2.5,1.3,1.8,1.8,1.3,0.8,0.8,14.2,1.42,0.5573747991,0.7914722147
"BUR,LEI,LIV",1.3,1.8,2.5,1.8,1.3,1.3,1.8,1.9,0.9,0.8,15.4,1.54,0.5146735751,0.7925973056
"MCI,MUN,WOL",1.8,0.8,1.8,0.8,1.8,1.3,0.8,2.3,0.8,1.8,14,1.4,0.5676462122,0.7947046971
"AVL,CHE,WHU",1.5,1.5,1.3,0.8,2.5,1.5,2.3,1,1.5,1.5,15.4,1.54,0.5168279318,0.795915015
"LEI,SHU,SOU",1.3,1.8,1.3,0.9,0.8,1.9,1.8,1.4,2.5,0.8,14.5,1.45,0.5522680509,0.8007886737
"LEE,NEW,WOL",1.8,0.8,1.8,0.8,1.8,1.3,0.8,1.3,2.5,1.5,14.4,1.44,0.5561774297,0.8008954988
"LEE,WBA,WOL",1.8,0.8,1.8,0.8,1.8,1.3,0.8,1.3,2.5,1.5,14.4,1.44,0.5561774297,0.8008954988
"CHE,WBA,WHU",1.5,2.5,1.3,0.8,2,2,1.5,1,1.8,1.5,15.9,1.59,0.5043147166,0.8018603993
"CHE,EVE,LEE",1.8,0.8,1.3,0.8,2.5,1.8,2,1.3,1.5,1.5,15.3,1.53,0.525039681,0.803310712
"CHE,LEE,LIV",1.3,0.8,1.3,0.8,2.3,1.3,2.3,1.3,1.8,1.8,15,1.5,0.5374838499,0.8062257748
"CRY,SOU,WBA",1.4,2.5,1.9,0.9,1.4,1.4,1.5,1.4,2.4,1.4,16.2,1.62,0.4984420171,0.8074760678
"AVL,BHA,WHU",1.5,1.5,1.5,2.4,1.4,0.9,2.5,1,1.5,1.5,15.7,1.57,0.5143496433,0.80752894
"CRY,LEI,WHU",1.3,1.8,1.9,2.5,1.3,1.4,1.8,1,2,0.8,15.8,1.58,0.5116422361,0.8083947331
"AVL,MCI,WHU",1.5,1.5,1.5,1.8,2.9,1.5,1.8,1,1.5,1.5,16.5,1.65,0.4904646323,0.8092666433
"LEI,SOU,WHU",1.3,1.8,2.4,0.9,1.3,1.9,1.8,1,2,0.8,15.2,1.52,0.5349974039,0.813196054
"AVL,LEE,LIV",1.3,0.8,1.5,1.8,2.3,1.3,2.5,1.3,1.5,1.8,16.1,1.61,0.5065131346,0.8154861468
"FUL,LEI,MUN",1.3,0.8,1.5,2.5,1.3,1,1,2.3,0.8,0.8,13.3,1.33,0.6147266782,0.817586482
"BHA,LEI,SHU",1.3,1.8,1.3,2.4,0.8,0.9,1.8,1.9,1.9,0.8,14.9,1.49,0.5506561742,0.8204776996
"CRY,LEI,TOT",1.3,1.8,1.4,2.5,1.3,1.4,1.4,1.4,2.4,0.8,15.7,1.57,0.5229191567,0.820983076
"CHE,LEE,MCI",1.8,0.8,1.3,0.8,2.5,1.8,1.8,1.3,1.8,1.8,15.7,1.57,0.5229191567,0.820983076
"ARS,LEE,TOT",1.4,0.8,1.4,1.4,2.5,1.8,1.4,1.3,1.9,2.3,16.2,1.62,0.5072803301,0.8217941348
"ARS,LIV,SHU",1.3,1.8,1.3,1.4,0.8,1.3,2.8,1.4,1.9,1.3,15.3,1.53,0.5375872022,0.8225084194
"CHE,MCI,NEW",1.8,1.5,1.3,0.8,2.5,2.3,1.8,1.3,1.8,1.5,16.6,1.66,0.4971027169,0.82519051
"CHE,LEE,NEW",1.8,0.8,1.3,0.8,2.5,1.8,2,1.3,1.8,1.5,15.6,1.56,0.5316640543,0.8293959248
"NEW,TOT,WHU",1.5,1.5,1.4,2,2.5,2.4,1.4,1,2,1.5,17.2,1.72,0.4825856286,0.8300472811
"CRY,MUN,NEW",2.5,0.8,1.8,2,1.4,1.4,2,1.4,0.8,1.4,15.5,1.55,0.535931173,0.8306933182
"BUR,CHE,LEE",1.8,0.8,1.3,0.8,1.4,1.8,2.3,1.3,0.9,2.3,14.7,1.47,0.5657836257,0.8317019298
"BHA,CHE,LEE",1.8,0.8,1.3,0.8,1.4,0.9,2.3,1.3,1.8,2.3,14.7,1.47,0.5657836257,0.8317019298
"AVL,MCI,SOU",1.4,1.5,1.5,0.9,2.9,1.5,1.8,1.4,1.5,1.8,16.2,1.62,0.5138093031,0.8323710711
"LEE,MCI,WOL",1.8,0.8,1.8,0.8,1.8,1.3,0.8,1.3,2.5,1.8,14.7,1.47,0.5677440738,0.8345837885
"BUR,LEI,WBA",1.3,1.8,2.5,1.9,1.3,2,1.5,1.9,0.9,0.8,15.9,1.59,0.5279941077,0.8395106313
"AVL,BUR,CRY",2.5,1.5,1.5,1.9,1.4,1.4,2.5,1.4,0.9,1.4,16.4,1.64,0.5125101625,0.8405166665
"BHA,BUR,LEI",1.3,1.8,2.5,1.9,1.3,0.9,1.8,1.9,0.9,0.8,15.1,1.51,0.5566766466,0.8405817364
"CHE,NEW,TOT",1.8,1.5,1.3,0.8,2.5,2.4,1.4,1.3,1.8,1.5,16.3,1.63,0.5165053512,0.8419037224
"MCI,SHU,TOT",1.9,1.8,1.3,1.8,0.8,2.3,1.4,1.4,2.5,1.3,16.5,1.65,0.5104464277,0.8422366057
"CHE,EVE,MCI",1.8,1,1.3,0.8,2.5,2.3,1.8,1.3,1.5,1.5,15.8,1.58,0.5349974039,0.8452958982
"LEE,LEI,WHU",1.3,0.8,1.8,2.5,1.3,1.8,1.8,1,2,0.8,15.1,1.51,0.5606543796,0.8465881132
"CRY,LIV,MUN",1.3,0.8,1.8,1.8,1.4,1.3,2.8,1.4,0.8,1.4,14.8,1.48,0.573100728,0.8481890775
"BHA,CRY,WBA",2.5,1.9,1.9,2.4,1.4,0.9,1.5,1.4,1.9,1.4,17.2,1.72,0.4939635614,0.8496173256
"CHE,EVE,TOT",1.8,1,1.3,0.8,2.5,2.4,1.4,1.3,1.5,1.5,15.5,1.55,0.5482294734,0.8497556838
"BHA,LEE,TOT",1.9,0.8,1.4,2.4,1.4,0.9,1.4,1.3,1.9,2.3,15.7,1.57,0.5417051268,0.8504770491
"LEI,LIV,TOT",1.3,1.8,1.4,1.8,1.3,1.3,1.4,1.4,2.9,0.8,15.4,1.54,0.5541760651,0.8534311402
"CRY,LEE,MCI",2.5,0.8,1.8,1.8,1.4,1.4,1.8,1.3,2.4,1.4,16.6,1.66,0.5146735751,0.8543581346
"AVL,TOT,WBA",1.9,1.5,1.4,3,2,1.5,1.4,1.4,1.5,1.5,17.1,1.71,0.4998888765,0.8548099789
"LEI,MUN,TOT",1.3,0.8,1.4,2.5,1.3,2.4,1.4,1.4,0.8,0.8,14.1,1.41,0.6063552314,0.8549608763
"CRY,LEI,WBA",1.3,1.8,1.9,2.5,1.3,1.4,1.5,1.4,2.4,0.8,16.3,1.63,0.525039681,0.8558146801
"ARS,BUR,WBA",1.4,2.5,2.5,1.4,1.4,2,1.5,1.4,0.9,1.5,16.5,1.65,0.5190803834,0.8564826326
"ARS,MCI,TOT",1.4,2.5,1.4,1.4,2.5,2.3,1.4,1.4,1.9,1.8,18,1.8,0.4760952286,0.8569714114
"ARS,SOU,WBA",1.4,2.5,2.4,0.9,2,1.9,1.5,1.4,1.9,1.5,17.4,1.74,0.4926120854,0.8571450286
"BUR,SOU,WBA",1.4,2.5,2.4,0.9,1.4,1.9,1.5,1.4,0.9,1.5,15.8,1.58,0.543241301,0.8583212556
"CRY,MCI,SHU",2.5,1.8,1.3,1.8,0.8,1.4,1.8,1.4,2.4,1.3,16.5,1.65,0.5212165257,0.8600072674
"EVE,FUL,LEI",1.3,1,1.5,1.5,1.3,1,1,3,1.5,0.8,13.9,1.39,0.6190494505,0.8604787363
"BHA,CRY,LIV",1.3,1.9,1.9,1.8,1.4,0.9,2.8,1.4,1.9,1.4,16.7,1.67,0.5165053512,0.8625639364
"EVE,LEI,WOL",1.3,1,1.5,0.8,1.3,1.3,0.8,3,1.5,0.8,13.3,1.33,0.6498717822,0.8643294704
"BUR,LIV,WBA",1.3,2.5,2.5,1.8,1.4,1.3,1.5,1.9,0.9,1.5,16.6,1.66,0.5211099266,0.8650424781
"BUR,CRY,WBA",2.5,2.5,1.9,1.9,1.4,1.4,1.5,1.4,0.9,1.4,16.8,1.68,0.5159672686,0.8668250112
"BUR,LEE,LIV",1.3,0.8,1.8,1.8,1.4,1.3,2.8,1.3,0.9,1.8,15.2,1.52,0.5711586664,0.868161173
"AVL,WBA,WHU",1.5,1.5,1.5,3,2,1.5,1.5,1,1.5,1.5,16.5,1.65,0.5296749527,0.873963672
"CRY,MCI,WBA",2.5,2.5,1.9,1.8,1.4,1.4,1.5,1.4,2.4,1.4,18.2,1.82,0.4802776974,0.8741054094
"BHA,CRY,FUL",2.5,1.9,1.5,2.4,1.4,0.9,1,1.4,1.9,1.4,16.3,1.63,0.5375872022,0.8762671396
"EVE,MCI,SOU",1.4,1,1.5,0.9,2.9,1.9,1.8,1.4,1.5,1.5,15.8,1.58,0.5553777493,0.8774968439
"NEW,SOU,WOL",1.4,1.5,2.4,0.8,1.8,1.3,0.8,1.4,2.5,1.5,15.4,1.54,0.5699902533,0.8777849901
"AVL,LEI,MUN",1.3,0.8,1.5,2.5,1.3,1.5,1.8,2.3,0.8,0.8,14.6,1.46,0.6022181222,0.8792384584
"CHE,LEE,MUN",1.8,0.8,1.3,0.8,1.8,1.8,2.3,1.3,0.8,2.3,15,1.5,0.5868938954,0.8803408431
"LEI,MCI,MUN",1.3,0.8,1.8,1.8,1.3,2.3,1.8,2.3,0.8,0.8,15,1.5,0.5868938954,0.8803408431
"LIV,NEW,TOT",1.3,1.5,1.4,1.8,2.3,1.3,1.4,1.4,2.9,1.5,16.8,1.68,0.5245103537,0.8811773942
"ARS,LIV,MUN",1.3,0.8,1.8,1.4,1.8,1.3,2.8,1.4,0.8,1.8,15.2,1.52,0.5808040404,0.8828221414
"BUR,LIV,SHU",1.3,1.8,1.3,1.8,0.8,1.3,2.8,1.9,0.9,1.3,15.2,1.52,0.5808040404,0.8828221414
"NEW,SHU,TOT",1.9,1.5,1.3,2,0.8,2.4,1.4,1.4,2.5,1.3,16.5,1.65,0.535931173,0.8842864355
"AVL,LEI,WOL",1.3,1.5,1.5,0.8,1.3,1.3,0.8,3,1.5,0.8,13.8,1.38,0.6408327915,0.8843492523
"BUR,LIV,TOT",1.3,3,1.4,1.8,1.4,1.3,1.4,1.4,0.9,1.8,15.7,1.57,0.563816361,0.8851916867
"LIV,SHU,WHU",1.3,1.8,1.3,1.8,0.8,1.3,2.8,1,2,1.3,15.4,1.54,0.5777350412,0.8897119634
"ARS,EVE,LEI",1.3,1,1.5,1.4,1.3,3,1.8,1.4,1.5,0.8,15,1.5,0.5944184833,0.891627725
"ARS,BHA,MCI",1.4,1.9,2.9,1.4,1.4,0.9,1.8,1.4,1.9,1.8,16.8,1.68,0.5308274463,0.8917901098
"LEI,SOU,WOL",1.3,1.8,2.4,0.8,1.3,1.3,0.8,1.4,2.5,0.8,14.4,1.44,0.62039414,0.8933675615
"EVE,LEI,LIV",1.3,1,1.5,1.5,1.3,1.3,1.8,3,1.5,0.8,15,1.5,0.596284794,0.894427191
"ARS,LEI,LIV",1.3,1.8,2.9,1.4,1.3,1.3,1.8,1.4,1.9,0.8,15.9,1.59,0.5626327004,0.8945859936
"CHE,LEE,WHU",1.5,0.8,1.3,0.8,2.5,1.8,2.3,1,1.8,1.5,15.3,1.53,0.5850925853,0.8951916555
"CHE,EVE,LEI",1.3,1,1.3,0.8,1.3,3,1.8,1.3,1.5,0.8,14.1,1.41,0.6367451959,0.8978107262
"LIV,MUN,WHU",1.3,0.8,1.8,1.8,1.8,1.3,2.8,1,0.8,1.5,14.9,1.49,0.6026792034,0.8979920131
"CHE,LEE,TOT",1.8,0.8,1.3,0.8,2.5,1.8,1.4,1.3,1.8,2.3,15.8,1.58,0.5692099788,0.8993517666
"CRY,NEW,SHU",2.5,1.5,1.3,2,0.8,1.4,2,1.4,2.4,1.3,16.6,1.66,0.54201271,0.8997410986
"AVL,EVE,LEI",1.3,1,1.5,1.5,1.3,1.5,1.8,3,1.5,0.8,15.2,1.52,0.5921711464,0.9001001426
"AVL,LIV,MUN",1.3,0.8,1.5,1.8,1.8,1.3,2.5,2.3,0.8,1.8,15.9,1.59,0.566568619,0.9008441042
"CHE,CRY,TOT",1.8,3,1.3,0.8,1.4,1.4,1.4,1.3,1.8,1.4,15.6,1.56,0.5777350412,0.9012666642
"CRY,LEE,LEI",1.3,0.8,1.8,2.5,1.3,1.4,1.8,1.3,2.4,0.8,15.4,1.54,0.5853773712,0.9014811516
"CRY,LEI,SHU",1.3,1.8,1.3,2.5,0.8,1.4,1.8,1.4,2.4,0.8,15.5,1.55,0.5816642789,0.9015796323
"BHA,LIV,WBA",1.3,1.9,2.9,1.8,1.4,0.9,1.5,1.9,1.9,1.5,17,1.7,0.531245915,0.9031180555
"ARS,AVL,FUL",1.4,1.5,1.5,1.4,2,1,1,1.4,1.5,3,15.7,1.57,0.5755190894,0.9035649703
"EVE,LEI,WHU",1.3,1,1.5,1.5,1.3,3,1.8,1,1.5,0.8,14.7,1.47,0.6147266782,0.903648217
"LEI,TOT,WHU",1.3,1.8,1.4,2.5,1.3,2.4,1.4,1,2,0.8,15.9,1.59,0.5685263602,0.9039569127
"LEE,SOU,WOL",1.4,0.8,1.8,0.8,1.8,1.3,0.8,1.3,2.5,2.3,14.8,1.48,0.6124631508,0.9064454632
"LEE,TOT,WOL",1.8,0.8,1.4,0.8,1.8,1.3,0.8,1.3,2.5,2.3,14.8,1.48,0.6124631508,0.9064454632
"ARS,CRY,MUN",1.4,0.8,1.8,1.4,1.4,1.4,3,1.4,0.8,1.4,14.8,1.48,0.6124631508,0.9064454632
"CRY,LEE,NEW",2.5,0.8,1.8,2,1.4,1.4,2,1.3,2.4,1.4,17,1.7,0.5333333333,0.9066666667
"FUL,MUN,SOU",1.4,0.8,1.5,0.9,1.8,1,1,1.4,0.8,3,13.6,1.36,0.6669999167,0.9071198867
"AVL,LEI,MCI",1.3,1.5,1.5,1.8,1.3,1.5,1.8,3,1.5,0.8,16,1.6,0.5676462122,0.9082339395
"AVL,LEI,LIV",1.3,1.5,1.5,1.8,1.3,1.3,1.8,3,1.5,0.8,15.8,1.58,0.5750362307,0.9085572446
"BUR,CRY,TOT",1.9,3,1.4,1.9,1.4,1.4,1.4,1.4,0.9,1.4,16.1,1.61,0.5646040894,0.9090125839
"ARS,BHA,TOT",1.4,1.9,1.4,1.4,1.4,0.9,1.4,1.4,1.9,3,16.1,1.61,0.5646040894,0.9090125839
"AVL,BUR,TOT",1.9,1.5,1.4,1.9,1.4,1.5,1.4,1.4,0.9,3,16.3,1.63,0.5578729445,0.9093328996
"AVL,LIV,WBA",1.3,1.5,1.5,1.8,2,1.3,1.5,3.1,1.5,1.5,17,1.7,0.5354126135,0.9102014429
"AVL,BUR,SOU",1.4,1.5,1.5,0.9,1.4,1.5,1.9,1.4,0.9,3,15.4,1.54,0.5910442736,0.9102081813
"AVL,BHA,SOU",1.4,1.5,1.5,0.9,1.4,0.9,1.9,1.4,1.5,3,15.4,1.54,0.5910442736,0.9102081813
"ARS,EVE,MCI",1.4,1,1.5,1.4,2.9,2.3,1.8,1.4,1.5,1.5,16.7,1.67,0.5457919832,0.9114726119
"BHA,LEE,LIV",1.3,0.8,1.8,1.8,1.4,0.9,2.8,1.3,1.9,1.8,15.8,1.58,0.5769652406,0.9116050802
"ARS,FUL,MUN",1.4,0.8,1.5,1.4,1.8,1,1,1.4,0.8,3,14.1,1.41,0.6471304179,0.9124538892
"LEE,LIV,WBA",1.3,0.8,1.8,1.8,2,1.3,1.5,1.3,2.9,1.5,16.2,1.62,0.5633234713,0.9125840235
"CHE,LEE,SOU",1.4,0.8,1.3,0.8,2.5,1.8,1.9,1.3,1.8,2.3,15.9,1.59,0.5743595467,0.9132316793
"ARS,BUR,EVE",1.4,1,1.5,1.4,1.4,3,2,1.4,0.9,1.5,15.5,1.55,0.589255651,0.913346259
"LEE,LIV,MUN",1.3,0.8,1.8,1.8,1.8,1.3,2.8,1.3,0.8,1.8,15.5,1.55,0.589255651,0.913346259
"ARS,CRY,LEE",1.4,0.8,1.8,1.4,1.4,1.4,3,1.3,1.9,1.4,15.8,1.58,0.5788878226,0.9146427596
"BUR,LEI,MCI",1.3,1.8,2.5,1.8,1.3,2.3,1.8,1.9,0.9,0.8,16.4,1.64,0.5581716184,0.9154014541
"CRY,WBA,WOL",1.8,2.5,1.9,0.8,1.4,1.3,0.8,1.4,2.4,1.4,15.7,1.57,0.5831904587,0.9156090201
"CHE,CRY,SOU",1.4,3,1.3,0.8,1.4,1.4,1.9,1.3,1.8,1.4,15.7,1.57,0.5831904587,0.9156090201
"BHA,LIV,NEW",1.3,1.5,2.9,1.8,1.4,0.9,2,1.9,1.9,1.5,17.1,1.71,0.5363456597,0.9171510781
"BHA,LIV,MCI",1.3,1.9,2.9,1.8,1.4,0.9,1.8,1.9,1.9,1.8,17.6,1.76,0.5211099266,0.9171534707
"ARS,AVL,WOL",1.4,1.5,1.5,0.8,1.8,1.3,0.8,1.4,1.5,3,15,1.5,0.612825877,0.9192388155
"AVL,SOU,WOL",1.4,1.5,1.5,0.8,1.8,1.3,0.8,1.4,1.5,3,15,1.5,0.612825877,0.9192388155
"ARS,LIV,NEW",1.3,1.5,2.9,1.4,2.3,1.3,2,1.4,1.9,1.5,17.5,1.75,0.525462759,0.9195598283
"ARS,LEE,MCI",1.4,0.8,1.8,1.4,2.9,1.8,1.8,1.3,1.9,1.8,16.9,1.69,0.5445691467,0.920321858
"FUL,MUN,WHU",1.5,0.8,1.5,3,1.8,1,1,1,0.8,1.5,13.9,1.39,0.6624030327,0.9207402155
"ARS,EVE,SHU",1.4,1,1.3,1.4,0.8,3,2,1.4,1.5,1.3,15.1,1.51,0.6100091074,0.9211137522
"BUR,WBA,WHU",1.5,2.5,2.5,1.9,1.4,2,1.5,1,0.9,1.5,16.7,1.67,0.5518655231,0.9216154235
"ARS,BUR,FUL",1.4,2,1.5,1.4,1.4,1,1,1.4,0.9,3,15,1.5,0.6146362972,0.9219544457
"CRY,MUN,TOT",1.9,0.8,1.4,3,1.4,1.4,1.4,1.4,0.8,1.4,14.9,1.49,0.6190494505,0.9223836813
"EVE,FUL,LIV",1.3,1,1.5,1.5,2,1,1,3,1.5,1.5,15.3,1.53,0.6037843618,0.9237900736
"LEE,LEI,LIV",1.3,0.8,1.8,1.8,1.3,1.3,1.8,1.3,2.9,0.8,15.1,1.51,0.6118278625,0.9238600724
"BHA,LIV,SHU",1.3,1.8,1.3,1.8,0.8,0.9,2.8,1.9,1.9,1.3,15.8,1.58,0.5865151319,0.9266939085
"BUR,LIV,MUN",1.3,0.8,1.8,1.8,1.4,1.3,2.8,1.9,0.8,1.8,15.7,1.57,0.5907622195,0.9274966846
"SOU,WBA,WHU",1.4,2.5,2.4,0.9,2,1.9,1.5,1,2,1.5,17.1,1.71,0.542524961,0.9277176833
"BHA,MCI,WHU",1.5,1.9,2.9,1.8,1.4,0.9,1.8,1,1.9,1.5,16.6,1.66,0.5601587077,0.9298634547
"ARS,CRY,LIV",1.3,2.5,1.9,1.4,1.4,1.3,2.8,1.4,1.9,1.4,17.3,1.73,0.5375872022,0.9300258599
"AVL,FUL,SOU",1.4,1.5,1.5,0.9,2,1,1,1.4,1.5,3,15.2,1.52,0.6124631508,0.9309439892
"EVE,LEI,WBA",1.3,1,1.5,1.5,1.3,2,1.5,3,1.5,0.8,15.4,1.54,0.6058969476,0.9330812993
"EVE,LIV,WBA",1.3,1,1.5,1.5,2,1.3,1.5,3.1,1.5,1.5,16.2,1.62,0.5769652406,0.9346836898
"ARS,EVE,LEE",1.4,0.8,1.5,1.4,3,1.8,2,1.3,1.5,1.5,16.2,1.62,0.5769652406,0.9346836898
"ARS,CHE,LIV",1.3,2.5,1.3,0.8,2.3,1.3,2.3,1.3,1.8,1.8,16.7,1.67,0.5598610939,0.9349680268
"BUR,EVE,WHU",1.5,1,1.5,1.5,1.4,3,2,1,0.9,1.5,15.3,1.53,0.61110101,0.9349845453
"TOT,WBA,WOL",1.8,2.5,1.4,0.8,1.8,1.3,0.8,1.4,2.5,1.5,15.8,1.58,0.5921711464,0.9356304114
"ARS,BHA,FUL",1.4,1.9,1.5,1.4,1.4,0.9,1,1.4,1.9,3,15.8,1.58,0.5921711464,0.9356304114
"AVL,LEI,NEW",1.3,1.5,1.5,2,1.3,1.5,1.8,3,1.5,0.8,16.2,1.62,0.5788878226,0.9377982726
"EVE,SHU,WHU",1.5,1,1.3,1.5,0.8,3,2,1,1.5,1.3,14.9,1.49,0.6297265721,0.9382925924
"CHE,FUL,MUN",1.8,0.8,1.3,0.8,1.8,1,1,1.3,0.8,3,13.6,1.36,0.6899275324,0.9383014441
"BUR,CHE,LEI",1.3,1.8,1.3,0.8,1.3,3,1.8,1.3,0.9,0.8,14.3,1.43,0.6566751268,0.9390454314
"ARS,BUR,MCI",1.4,2.5,2.5,1.4,1.4,2.3,1.8,1.4,0.9,1.8,17.4,1.74,0.54201271,0.9431021154
"AVL,BUR,NEW",3,1.5,1.5,1.9,1.4,1.5,2,1.9,0.9,1.5,17.1,1.71,0.5526702855,0.9450661882
"BUR,CRY,SOU",1.4,3,1.9,0.9,1.4,1.4,1.9,1.4,0.9,1.4,15.6,1.56,0.6058969476,0.9451992383
"LEI,MUN,WBA",1.3,0.8,1.8,2.5,1.3,2,1.5,2.3,0.8,0.8,15.1,1.51,0.6261877603,0.945543518
"AVL,CHE,WOL",1.8,1.5,1.3,0.8,1.8,1.3,0.8,1.3,1.5,3,15.1,1.51,0.6261877603,0.945543518
"EVE,MCI,WHU",1.5,1,1.5,1.5,2.9,2.3,1.8,1,1.5,1.5,16.5,1.65,0.5739725119,0.9470546447
"ARS,LIV,SOU",1.3,2.5,2.4,0.9,2.3,1.3,1.9,1.4,1.9,1.8,17.7,1.77,0.5355163656,0.947863967
"AVL,LIV,NEW",1.3,1.5,1.5,1.8,2.3,1.3,2,3,1.5,1.5,17.7,1.77,0.5355163656,0.947863967
"ARS,NEW,SHU",1.4,1.5,1.3,1.4,0.8,3,2,1.4,1.9,1.3,16,1.6,0.5925462945,0.9480740712
"AVL,BHA,CRY",2.5,1.5,1.5,2.4,1.4,0.9,2.5,1.4,1.5,1.4,17,1.7,0.557773351,0.9482146967
"AVL,TOT,WOL",1.8,1.5,1.4,0.8,1.8,1.3,0.8,1.4,1.5,3,15.3,1.53,0.6201254353,0.9487919161
"ARS,TOT,WHU",1.4,2.5,1.4,1.4,2.5,2.4,1.4,1,1.9,1.5,17.4,1.74,0.5460972644,0.9502092401
"AVL,FUL,LIV",1.3,1.5,1.5,1.8,2,1,1,3,1.5,1.8,16.4,1.64,0.5796550698,0.9506343146
"ARS,LEE,SHU",1.4,0.8,1.3,1.4,0.8,1.8,3,1.3,1.9,1.3,15,1.5,0.6342099197,0.9513148795
"CHE,MUN,WOL",1.8,0.8,1.3,0.8,1.8,1.3,0.8,1.3,0.8,3,13.7,1.37,0.6945022198,0.9514680412
"BHA,EVE,WBA",3.1,1,1.5,1.5,1.4,0.9,1.5,1.9,1.5,1.5,15.8,1.58,0.6033241252,0.9532521178
"EVE,LEE,SOU",1.4,0.8,1.5,0.9,3,1.8,1.9,1.3,1.5,1.5,15.6,1.56,0.611373681,0.9537429423
"BHA,LIV,MUN",1.3,0.8,1.8,1.8,1.4,0.9,2.8,1.9,0.8,1.8,15.3,1.53,0.6236986452,0.9542589271
"ARS,LEI,MUN",1.3,0.8,1.8,1.4,1.3,3,1.8,1.4,0.8,0.8,14.4,1.44,0.6636598861,0.955670236
"AVL,NEW,WOL",1.8,1.5,1.5,0.8,1.8,1.3,0.8,3,1.5,1.5,15.5,1.55,0.6168918508,0.9561823687
"BHA,EVE,NEW",3,1,1.5,1.5,1.4,0.9,2,1.9,1.5,1.5,16.2,1.62,0.5902918299,0.9562727644
"AVL,BUR,WBA",3.1,1.5,1.5,1.9,1.4,1.5,1.5,1.9,0.9,1.5,16.7,1.67,0.573585216,0.9578873107
"AVL,BHA,NEW",3,1.5,1.5,2,1.4,0.9,2,1.9,1.5,1.5,17.2,1.72,0.5573747991,0.9586846544
"BUR,EVE,LEI",1.3,1,1.5,1.5,1.3,3,1.8,1.9,0.9,0.8,15,1.5,0.6394442031,0.9591663047
"BUR,FUL,NEW",3,1.5,1.5,1.9,1.4,1,1,1.9,0.9,1.5,15.6,1.56,0.6149977416,0.959396477
"LEI,LIV,WHU",1.3,1.8,2.9,1.8,1.3,1.3,1.8,1,2,0.8,16,1.6,0.6,0.96
"ARS,MCI,WBA",1.4,2.5,2.9,1.4,2,2,1.5,1.4,1.9,1.5,18.5,1.85,0.5190803834,0.9602987093
"EVE,LEE,WHU",1.5,0.8,1.5,1.5,3,1.8,2,1,1.5,1.5,16.1,1.61,0.5971227307,0.9613675965
"EVE,NEW,WOL",1.8,1,1.5,0.8,1.8,1.3,0.8,3,1.5,1.5,15,1.5,0.6411794687,0.9617692031
"AVL,CRY,WBA",2.5,1.5,1.5,3,1.4,1.4,1.5,1.4,1.5,1.4,17.1,1.71,0.5626327004,0.9621019177
"CRY,LIV,TOT",1.3,3,1.4,1.8,1.4,1.3,1.4,1.4,2.4,1.4,16.8,1.68,0.573100728,0.9628092231
"CRY,LEE,LIV",1.3,0.8,1.8,1.8,1.4,1.3,2.8,1.3,2.4,1.4,16.3,1.63,0.5907622195,0.9629424178
"ARS,NEW,WOL",1.4,1.5,3,0.8,1.8,1.3,0.8,1.4,1.9,1.5,15.4,1.54,0.6257440016,0.9636457625
"ARS,MUN,WOL",1.4,0.8,1.8,0.8,1.8,1.3,0.8,1.4,0.8,3,13.9,1.39,0.6935416354,0.9640228732
"MUN,SOU,WOL",1.4,0.8,1.8,0.8,1.8,1.3,0.8,1.4,0.8,3,13.9,1.39,0.6935416354,0.9640228732
"MUN,TOT,WOL",1.8,0.8,1.4,0.8,1.8,1.3,0.8,1.4,0.8,3,13.9,1.39,0.6935416354,0.9640228732
"LEE,LEI,SHU",1.3,0.8,1.3,2.5,0.8,1.8,1.8,1.3,2.5,0.8,14.9,1.49,0.6471304179,0.9642243227
"ARS,LEE,LIV",1.3,0.8,1.8,1.4,2.3,1.3,2.8,1.3,1.9,1.8,16.7,1.67,0.5774464862,0.964335632
"ARS,AVL,TOT",1.4,1.5,1.4,1.4,2.5,1.5,1.4,1.4,1.5,3,17,1.7,0.5676462122,0.9649985607
"BHA,EVE,FUL",3.1,1,1.5,1.5,1.4,0.9,1,1.9,1.5,1.5,15.3,1.53,0.6307843442,0.9651000466
"CRY,LIV,SHU",1.3,1.8,1.3,1.8,0.8,1.3,2.8,1.4,2.4,1.3,16.2,1.62,0.5959119995,0.9653774391
"BUR,EVE,FUL",3.1,1,1.5,1.5,1.4,1,1,1.9,0.9,1.5,14.8,1.48,0.6528569692,0.9662283144
"CRY,MCI,TOT",1.9,3,1.4,1.8,1.4,1.4,1.4,1.4,2.4,1.4,17.5,1.75,0.5522680509,0.966469089
"BUR,CHE,FUL",1.8,2,1.3,0.8,1.4,1,1,1.3,0.9,3,14.5,1.45,0.6670832032,0.9672706446
"BUR,CHE,NEW",1.8,1.5,1.3,0.8,1.4,3,2,1.3,0.9,1.5,15.5,1.55,0.6240548409,0.9672850034
"LEE,MCI,WHU",1.5,0.8,1.8,1.8,2.9,1.8,1.8,1,2,1.5,16.9,1.69,0.5724217559,0.9673927675
"ARS,LEI,WOL",1.3,1.8,3,0.8,1.3,1.3,0.8,1.4,1.9,0.8,14.4,1.44,0.6719788356,0.9676495233
"EVE,FUL,WOL",1.8,1,1.5,0.8,1.8,1,0.8,3,1.5,1.5,14.7,1.47,0.6583649781,0.9677965179
"ARS,CHE,LEI",1.3,1.8,1.3,0.8,1.3,3,1.8,1.3,1.8,0.8,15.2,1.52,0.6373556481,0.9687805852
"AVL,CHE,FUL",1.8,1.5,1.3,0.8,2,1,1,1.3,1.5,3,15.2,1.52,0.6373556481,0.9687805852
"LIV,MUN,SHU",1.3,0.8,1.3,1.8,0.8,1.3,2.8,2.3,0.8,1.3,14.5,1.45,0.6687467549,0.9696827946
"MUN,SOU,TOT",1.4,0.8,1.4,0.9,1.8,1.9,1.4,1.4,0.8,3,14.8,1.48,0.6562519841,0.9712529365
"BUR,CHE,EVE",1.8,1,1.3,0.8,1.4,3,2,1.3,0.9,1.5,15,1.5,0.6480740698,0.9721111048
"BHA,CHE,TOT",1.8,1.9,1.3,0.8,1.4,0.9,1.4,1.3,1.8,3,15.6,1.56,0.623965811,0.9733866652
"LIV,TOT,WBA",1.3,2.5,1.4,1.8,2,1.3,1.4,1.4,2.9,1.5,17.5,1.75,0.5562773089,0.9734852906
"BHA,MUN,SOU",1.4,0.8,1.8,0.9,1.4,0.9,1.9,1.4,0.8,3,14.3,1.43,0.6815831245,0.974663868
"AVL,CHE,LEE",1.8,0.8,1.3,0.8,2.5,1.5,2.3,1.3,1.5,2.3,16.1,1.61,0.6063552314,0.9762319226
"ARS,LIV,WBA",1.3,2.5,2.9,1.4,2,1.3,1.5,1.4,1.9,1.5,17.7,1.77,0.5518655231,0.9768019758
"BUR,WBA,WOL",1.8,2.5,2.5,0.8,1.4,1.3,0.8,1.9,0.9,1.5,15.4,1.54,0.6345602152,0.9772227313
"FUL,LIV,NEW",1.3,1.5,1.5,1.8,2,1,1,3,2,1.5,16.6,1.66,0.5891613625,0.9780078618
"LEE,LIV,TOT",1.3,0.8,1.4,1.8,2.3,1.3,1.4,1.3,2.9,1.8,16.3,1.63,0.6000925854,0.9781509143
"EVE,LEE,SHU",3,0.8,1.3,1.5,0.8,1.8,2,1.3,1.5,1.3,15.3,1.53,0.6395310782,0.9784825497
"CHE,EVE,SHU",1.8,1,1.3,0.8,0.8,3,2,1.3,1.5,1.3,14.8,1.48,0.6613118276,0.9787415049
"AVL,BUR,WOL",1.8,1.5,1.5,0.8,1.4,1.3,0.8,1.9,0.9,3,14.9,1.49,0.6573515887,0.9794538671
"LEI,WHU,WOL",1.3,1.8,3,0.8,1.3,1.3,0.8,1,2,0.8,14.1,1.41,0.695141872,0.9801500395
"ARS,LEE,NEW",1.4,0.8,1.8,1.4,3,1.8,2,1.3,1.9,1.5,16.9,1.69,0.5801340841,0.9804266022
"ARS,EVE,MUN",1.4,0.8,1.5,1.4,1.8,3,2,1.4,0.8,1.5,15.6,1.56,0.6292853089,0.9816850819
"AVL,MUN,SOU",1.4,0.8,1.5,0.9,1.8,1.5,1.9,1.4,0.8,3,15,1.5,0.6548960901,0.9823441352
"LEE,LEI,SOU",1.3,0.8,1.8,0.9,1.3,1.8,1.8,1.3,3,0.8,14.8,1.48,0.6646636576,0.9837022133
"BHA,CHE,FUL",1.8,1.9,1.3,0.8,1.4,0.9,1,1.3,1.8,3,15.2,1.52,0.6477310827,0.9845512458
"EVE,LEE,WBA",3.1,0.8,1.5,1.5,2,1.8,1.5,1.3,1.5,1.5,16.5,1.65,0.5967504597,0.9846382584
"CRY,SOU,TOT",1.4,3,1.4,0.9,1.4,1.4,1.4,1.4,2.4,1.4,16.1,1.61,0.6118278625,0.9850428586
"ARS,LEI,SHU",1.3,1.8,1.3,1.4,0.8,3,1.8,1.4,1.9,0.8,15.5,1.55,0.6363961031,0.9864139598
"CRY,SOU,WHU",1.4,3,1.9,0.9,1.4,1.4,1.9,1,2,1.4,16.3,1.63,0.6056218109,0.9871635517
"BHA,FUL,NEW",3,1.5,1.5,2,1.4,0.9,1,1.9,1.9,1.5,16.6,1.66,0.594792214,0.9873550752
"ARS,CHE,MCI",1.4,2.5,1.3,0.8,2.5,2.3,1.8,1.3,1.8,1.8,17.5,1.75,0.5642103627,0.9873681347
"AVL,BHA,WOL",1.8,1.5,1.5,0.8,1.4,0.9,0.8,1.9,1.5,3,15.1,1.51,0.6539622823,0.9874830463
"BHA,CHE,SOU",1.4,1.9,1.3,0.8,1.4,0.9,1.9,1.3,1.8,3,15.7,1.57,0.6290204024,0.9875620318
"ARS,FUL,TOT",1.4,2,1.4,1.4,2,1,1,1.4,1.9,3,16.5,1.65,0.5986094999,0.9877056748
"LIV,NEW,WHU",1.3,1.5,2.9,1.8,2.3,1.3,2,1,2,1.5,17.6,1.76,0.5621387729,0.9893642403
"TOT,WHU,WOL",1.5,3,1.4,0.8,1.8,1.3,0.8,1,2,1.5,15.1,1.51,0.6556591255,0.9900452795
"BHA,LEI,LIV",1.3,1.8,2.9,1.8,1.3,0.9,1.8,1.9,1.9,0.8,16.4,1.64,0.6040603355,0.9906589502
"BHA,LEI,MCI",1.3,1.8,2.9,1.8,1.3,0.9,1.8,1.9,1.9,0.8,16.4,1.64,0.6040603355,0.9906589502
"FUL,LIV,SHU",1.3,1.8,1.3,1.8,0.8,1,1,3,2,1.3,15.3,1.53,0.6481597883,0.991684476
"BHA,EVE,SHU",3,1,1.3,1.5,0.8,0.9,2,1.9,1.5,1.3,15.2,1.52,0.6528569692,0.9923425932
"EVE,FUL,LEE",3.1,0.8,1.5,1.5,2,1,1,1.3,1.5,1.5,15.2,1.52,0.6528569692,0.9923425932
"FUL,LEI,WOL",1.3,1.8,1.5,0.8,1.3,1,0.8,3,2,0.8,14.3,1.43,0.6945022198,0.9931381743
"EVE,LIV,NEW",1.3,1,1.5,1.5,2.3,1.3,2,3,1.5,1.5,16.9,1.69,0.5877452207,0.993289423
"LEE,SOU,WBA",1.4,0.8,1.8,0.9,2,1.8,1.5,1.3,3,1.5,16,1.6,0.6218252702,0.9949204323
"NEW,WHU,WOL",1.5,1.5,3,0.8,1.8,1.3,0.8,1,2,1.5,15.2,1.52,0.6545566778,0.9949261502
"BUR,LEE,WHU",1.5,0.8,1.8,1.9,1.4,1.8,3,1,0.9,1.5,15.6,1.56,0.6380525927,0.9953620447
"ARS,CHE,LEE",1.4,0.8,1.3,0.8,2.5,1.8,2.3,1.3,1.8,2.3,16.3,1.63,0.61110101,0.9960946463
"FUL,LEI,LIV",1.3,1.8,1.5,1.8,1.3,1,1,3,2,0.8,15.5,1.55,0.6433419689,0.9971800517
"FUL,LEI,MCI",1.3,1.8,1.5,1.8,1.3,1,1,3,2,0.8,15.5,1.55,0.6433419689,0.9971800517
"BHA,WHU,WOL",1.5,1.9,3,0.8,1.4,0.9,0.8,1,1.9,1.5,14.7,1.47,0.6799509786,0.9995279386
"EVE,MUN,WHU",1.5,0.8,1.5,1.5,1.8,3,2,1,0.8,1.5,15.4,1.54,0.6501281925,1.001197416
"FUL,LEI,NEW",1.3,1.5,1.5,2,1.3,1,1,3,2,0.8,15.4,1.54,0.6501281925,1.001197416
"LEE,LEI,MCI",1.3,0.8,1.8,1.8,1.3,1.8,1.8,1.3,3,0.8,15.7,1.57,0.6377913278,1.001332385
"BHA,CHE,WOL",1.8,1.9,1.3,0.8,1.4,0.9,0.8,1.3,1.8,3,15,1.5,0.6683312552,1.002496883
"ARS,LEI,MCI",1.3,1.8,2.9,1.4,1.3,2.3,1.8,1.4,1.9,0.8,16.9,1.69,0.5933895104,1.002828273
"AVL,WBA,WOL",1.8,1.5,1.5,0.8,1.8,1.3,0.8,3.1,1.5,1.5,15.6,1.56,0.6432556084,1.003478749
"BUR,FUL,SHU",3,1.8,1.3,1.9,0.8,1,1,1.9,0.9,1.3,14.9,1.49,0.6740425308,1.004323371
"BUR,EVE,WBA",3.1,1,1.5,1.5,1.4,2,1.5,1.9,0.9,1.5,16.3,1.63,0.6165315167,1.004946372
"ARS,MUN,NEW",1.4,0.8,1.8,1.4,1.8,3,2,1.4,0.8,1.5,15.9,1.59,0.633245608,1.006860517
"LEE,LIV,SHU",1.3,0.8,1.3,1.8,0.8,1.3,2.8,1.3,2.5,1.3,15.2,1.52,0.6629898608,1.007744588
"EVE,WBA,WOL",1.8,1,1.5,0.8,1.8,1.3,0.8,3.1,1.5,1.5,15.1,1.51,0.6674162453,1.00779853
"LEE,LIV,MCI",1.3,0.8,1.8,1.8,2.3,1.3,1.8,1.3,2.9,1.8,17.1,1.71,0.589632654,1.008271838
"LEE,LIV,WHU",1.3,0.8,1.8,1.8,2.3,1.3,2.8,1,2,1.5,16.6,1.66,0.6077280093,1.008828496
"LIV,TOT,WHU",1.3,3,1.4,1.8,2.3,1.3,1.4,1,2,1.5,17,1.7,0.5944184833,1.010511422
"SHU,WBA,WHU",1.5,1.8,1.3,3,0.8,2,1.5,1,2,1.3,16.2,1.62,0.6250333324,1.012553999
"BUR,MCI,TOT",1.9,3,1.4,1.8,1.4,2.3,1.4,1.4,0.9,1.8,17.3,1.73,0.5869885481,1.015490188
"AVL,BHA,TOT",1.9,1.5,1.4,2.4,1.4,0.9,1.4,1.4,1.5,3,16.8,1.68,0.6051629716,1.016673792
"ARS,AVL,BHA",1.4,1.5,1.5,1.4,1.4,0.9,2.5,1.4,1.5,3,16.5,1.65,0.6168918508,1.017871554
"ARS,AVL,BUR",1.4,1.5,1.5,1.4,1.4,1.5,2.5,1.4,0.9,3,16.5,1.65,0.6168918508,1.017871554
"AVL,SOU,TOT",1.4,1.5,1.4,0.9,2.5,1.5,1.4,1.4,1.5,3,16.5,1.65,0.6168918508,1.017871554
"FUL,LIV,WBA",1.3,2,1.5,1.8,2,1,1,3,2,1.5,17.1,1.71,0.5952590473,1.017892971
"NEW,WBA,WHU",1.5,1.5,3.1,2,2,2,1.5,1,2,1.5,18.1,1.81,0.5626327004,1.018365188
"LEE,LIV,NEW",1.3,0.8,1.8,1.8,2.3,1.3,2,1.3,2.9,1.5,17,1.7,0.6,1.02
"MUN,TOT,WBA",1.9,0.8,1.4,3,1.8,2,1.4,1.4,0.8,1.5,16,1.6,0.6377042157,1.020326745
"MCI,WBA,WHU",1.5,2.5,2.9,1.8,2,2,1.5,1,2,1.5,18.7,1.87,0.5457919832,1.020631009
"BUR,MUN,SOU",1.4,0.8,1.8,0.9,1.4,1.9,1.9,1.4,0.8,3,15.3,1.53,0.6684143758,1.022673995
"BHA,MUN,WOL",1.8,0.8,1.8,0.8,1.4,0.9,0.8,1.9,0.8,3,14,1.4,0.7318166133,1.024543259
"LEE,WBA,WHU",1.5,0.8,1.8,3,2,1.8,1.5,1,2,1.5,16.9,1.69,0.6063552314,1.024740341
"ARS,CHE,FUL",1.4,2,1.3,0.8,2,1,1,1.3,1.8,3,15.6,1.56,0.6569288817,1.024809055
"BHA,LIV,WOL",1.3,1.9,2.9,0.8,1.4,0.9,0.8,1.9,1.9,1.8,15.6,1.56,0.6569288817,1.024809055
"CHE,FUL,SOU",1.4,2,1.3,0.8,2,1,1,1.3,1.8,3,15.6,1.56,0.6569288817,1.024809055
"FUL,TOT,WBA",1.9,2,1.4,3,2,1,1,1.4,2,1.5,17.2,1.72,0.5959119995,1.024968639
"CHE,LIV,TOT",1.3,3,1.3,0.8,2.3,1.3,1.4,1.3,1.8,1.8,16.3,1.63,0.6290204024,1.025303256
"BUR,MUN,WOL",1.8,0.8,1.8,0.8,1.4,1.3,0.8,1.9,0.8,3,14.4,1.44,0.7121173436,1.025448975
"EVE,LEI,MCI",1.3,1,1.5,1.5,1.3,2.3,1.8,3,1.5,0.8,16,1.6,0.6411794687,1.02588715
"BUR,LEE,WBA",3.1,0.8,1.8,1.9,1.4,1.8,1.5,1.3,0.9,1.5,16,1.6,0.6411794687,1.02588715
"ARS,LIV,MCI",1.3,2.5,2.9,1.4,2.3,1.3,1.8,1.4,1.9,1.8,18.6,1.86,0.5521674464,1.02703145
"CHE,MUN,SOU",1.4,0.8,1.3,0.8,1.8,1.9,1.9,1.3,0.8,3,15,1.5,0.6847546195,1.027131929
"ARS,FUL,SOU",1.4,2,1.5,0.9,2,1,1,1.4,1.9,3,16.1,1.61,0.6384877968,1.027965353
"FUL,SHU,WOL",1.8,1.8,1.3,0.8,0.8,1,0.8,3,2,1.3,14.6,1.46,0.7042726745,1.028238105
"FUL,NEW,WOL",1.8,1.5,1.5,0.8,1.8,1,0.8,3,2,1.5,15.7,1.57,0.6549809158,1.028320038
"MUN,WBA,WHU",1.5,0.8,1.8,3,1.8,2,1.5,1,0.8,1.5,15.7,1.57,0.6549809158,1.028320038
"FUL,LIV,MCI",1.3,2,1.5,1.8,2,1,1,3,2,1.8,17.4,1.74,0.5910442736,1.028417036
"BUR,LEE,NEW",3,0.8,1.8,1.9,1.4,1.8,2,1.3,0.9,1.5,16.4,1.64,0.6275171534,1.029128132
"BHA,LEI,WOL",1.3,1.8,3,0.8,1.3,0.9,0.8,1.9,1.9,0.8,14.5,1.45,0.7106335202,1.030418604
"BHA,NEW,WOL",1.8,1.5,3,0.8,1.4,0.9,0.8,1.9,1.9,1.5,15.5,1.55,0.6654154926,1.031394014
"LEE,LEI,NEW",1.3,0.8,1.8,2,1.3,1.8,1.8,1.3,3,0.8,15.9,1.59,0.6488451279,1.031663753
"CRY,MCI,SOU",1.4,3,1.9,0.9,1.4,1.4,1.8,1.4,2.4,1.4,17,1.7,0.6073622386,1.032515806
"FUL,WBA,WHU",1.5,2,1.5,3,2,1,1,1,2,1.5,16.5,1.65,0.6258327785,1.032624085
"AVL,BUR,CHE",1.8,1.5,1.3,0.8,1.4,1.5,2.3,1.3,0.9,3,15.8,1.58,0.6545566778,1.034199551
"AVL,BHA,CHE",1.8,1.5,1.3,0.8,1.4,0.9,2.3,1.3,1.5,3,15.8,1.58,0.6545566778,1.034199551
"CHE,EVE,MUN",1.8,0.8,1.3,0.8,1.8,3,2,1.3,0.8,1.5,15.1,1.51,0.6854844191,1.035081473
"ARS,FUL,WOL",1.4,2,1.5,0.8,1.8,1,0.8,1.4,1.9,3,15.6,1.56,0.6636598861,1.035309422
"BHA,MCI,SHU",3,1.8,1.3,1.8,0.8,0.9,1.8,1.9,1.9,1.3,16.5,1.65,0.6276056795,1.035549371
"LEI,LIV,SOU",1.3,1.8,2.4,0.9,1.3,1.3,1.8,1.4,2.9,0.8,15.9,1.59,0.6539622823,1.039800029
"AVL,LEI,WBA",1.3,1.5,1.5,2.5,1.3,1.5,1.5,3,1.5,0.8,16.4,1.64,0.6345602152,1.040678753
"BUR,SHU,WBA",3,1.8,1.3,1.9,0.8,2,1.5,1.9,0.9,1.3,16.4,1.64,0.6363087999,1.043546432
"LIV,WBA,WHU",1.3,2.5,2.9,1.8,2,1.3,1.5,1,2,1.5,17.8,1.78,0.5865151319,1.043996935
"CHE,FUL,WOL",1.8,2,1.3,0.8,1.8,1,0.8,1.3,1.8,3,15.6,1.56,0.6703233051,1.045704356
"BUR,TOT,WHU",1.5,3,1.4,1.9,1.4,2.4,1.4,1,0.9,1.5,16.4,1.64,0.6380525927,1.046406252
"BHA,NEW,WHU",1.5,1.5,3.1,2,1.4,0.9,2,1,1.9,1.5,16.8,1.68,0.6250333324,1.050055999
"AVL,LEE,SOU",1.4,0.8,1.5,0.9,3,1.5,1.9,1.3,1.5,2.3,16.1,1.61,0.6522610248,1.05014025
"LEE,SOU,WHU",1.4,0.8,1.8,0.9,3,1.8,1.9,1,2,1.5,16.1,1.61,0.6522610248,1.05014025
"BHA,FUL,MCI",3.1,1.9,1.5,1.8,1.4,0.9,1,1.9,1.9,1.8,17.2,1.72,0.6106462879,1.050311615
"LEE,LIV,SOU",1.3,0.8,1.8,0.9,2.3,1.3,1.9,1.3,2.9,1.8,16.3,1.63,0.6447221624,1.050897125
"BUR,LEI,SHU",1.3,1.8,1.3,1.9,0.8,3,1.8,1.9,0.9,0.8,15.5,1.55,0.6786424357,1.051895775
"CRY,LIV,SOU",1.3,3,1.9,0.9,1.4,1.3,1.9,1.4,2.4,1.4,16.9,1.69,0.6226288354,1.052242732
"BHA,MCI,WOL",1.8,1.9,2.9,0.8,1.4,0.9,0.8,1.9,1.9,1.8,16.1,1.61,0.6539622823,1.052879274
"CHE,FUL,TOT",1.8,2,1.3,0.8,2,1,1,1.3,1.8,3,16,1.6,0.6582805886,1.053248942
"ARS,MUN,SOU",1.4,0.8,1.8,0.9,1.8,1.9,1.9,1.4,0.8,3,15.7,1.57,0.6717307662,1.054617303
"ARS,BUR,LEE",1.4,0.8,1.8,1.4,1.4,1.8,3,1.3,0.9,2.3,16.1,1.61,0.6556591255,1.055611192
"CHE,LIV,SOU",1.3,3,1.3,0.8,2.3,1.3,1.9,1.3,1.8,1.8,16.8,1.68,0.6285786435,1.056012121
"BHA,LEE,NEW",3,0.8,1.8,2,1.4,0.9,2,1.3,1.9,1.5,16.6,1.66,0.6363087999,1.056272608
"LEI,SHU,TOT",1.3,1.8,1.3,2.5,0.8,2.4,1.4,1.4,2.5,0.8,16.2,1.62,0.6528569692,1.05762829
"SOU,WBA,WOL",1.4,2.5,2.4,0.8,1.8,1.3,0.8,1.4,2.5,1.5,16.4,1.64,0.6449806199,1.057768217
"BHA,CHE,MUN",1.8,0.8,1.3,0.8,1.4,0.9,2.3,1.3,0.8,3,14.4,1.44,0.7351492668,1.058614944
"AVL,CHE,TOT",1.8,1.5,1.3,0.8,2.5,1.5,1.4,1.3,1.5,3,16.6,1.66,0.6380525927,1.059167304
"AVL,BHA,WBA",3.1,1.5,1.5,2.4,1.4,0.9,1.5,1.9,1.5,1.5,17.2,1.72,0.6160808028,1.059658981
"CRY,WBA,WHU",1.5,2.5,1.9,3,1.4,1.4,1.5,1,2,1.4,17.6,1.76,0.6022181222,1.059903895
"ARS,BUR,NEW",1.4,1.5,2.5,1.4,1.4,3,2,1.4,0.9,1.5,17,1.7,0.6236095645,1.06013626
"BUR,FUL,WBA",3.1,2,1.5,1.9,1.4,1,1,1.9,0.9,1.5,16.2,1.62,0.6545566778,1.060381818
"LEE,NEW,WHU",1.5,0.8,1.8,2,3,1.8,2,1,2,1.5,17.4,1.74,0.6095535707,1.060623213
"FUL,LEE,NEW",3,0.8,1.5,2,2,1,1,1.3,2,1.5,16.1,1.61,0.6590397054,1.061053926
"BUR,LEI,MUN",1.3,0.8,1.8,1.9,1.3,3,1.8,1.9,0.8,0.8,15.4,1.54,0.6899275324,1.0624884
"AVL,FUL,LEI",1.3,1.5,1.5,2.5,1.3,1,1,3,1.5,0.8,15.4,1.54,0.6915361323,1.064965644
"LEI,MCI,WHU",1.3,1.8,2.9,1.8,1.3,2.3,1.8,1,2,0.8,17,1.7,0.6271629241,1.066176971
"CRY,TOT,WOL",1.8,3,1.4,0.8,1.4,1.3,0.8,1.4,2.4,1.4,15.7,1.57,0.6799509786,1.067523036
"ARS,CHE,SHU",1.4,1.8,1.3,0.8,0.8,3,2.3,1.3,1.8,1.3,15.8,1.58,0.6762642482,1.068497512
"ARS,MUN,TOT",1.4,0.8,1.4,1.4,1.8,2.4,1.4,1.4,0.8,3,15.8,1.58,0.6762642482,1.068497512
"ARS,BHA,LEE",1.4,0.8,1.8,1.4,1.4,0.9,3,1.3,1.9,2.3,16.2,1.62,0.6596295257,1.068599832
"BHA,BUR,LIV",1.3,1.9,2.5,1.8,1.4,0.9,2.8,1.9,0.9,1.8,17.2,1.72,0.6214677966,1.06892461
"BUR,FUL,MCI",3.1,2,1.5,1.8,1.4,1,1,1.9,0.9,1.8,16.4,1.64,0.6518350166,1.069009427
"ARS,BHA,CHE",1.4,1.9,1.3,0.8,1.4,0.9,2.3,1.3,1.8,3,16.1,1.61,0.6640783086,1.069166077
"BHA,NEW,SHU",3,1.5,1.3,2,0.8,0.9,2,1.9,1.9,1.3,16.6,1.66,0.6449806199,1.070667829
"AVL,CHE,SOU",1.4,1.5,1.3,0.8,2.5,1.5,1.9,1.3,1.5,3,16.7,1.67,0.6412661087,1.070914402
"EVE,LEI,MUN",1.3,0.8,1.5,1.5,1.3,3,1.8,2.3,0.8,0.8,15.1,1.51,0.7093815773,1.071166182
"BHA,WBA,WOL",1.8,1.9,3,0.8,1.4,0.9,0.8,1.9,1.9,1.5,15.9,1.59,0.6740425308,1.071727624
"CRY,FUL,MUN",2.5,0.8,1.5,3,1.4,1,1,1.4,0.8,1.4,14.8,1.48,0.7269418439,1.075873929
"LIV,NEW,SOU",1.3,1.5,2.4,0.9,2.3,1.3,1.9,1.4,2.9,1.5,17.4,1.74,0.6186005712,1.076364994
"LEE,MUN,NEW",3,0.8,1.8,2,1.8,1.8,2,1.3,0.8,1.5,16.8,1.68,0.6425643072,1.079508036
"FUL,LIV,WOL",1.3,2,1.5,0.8,1.8,1,0.8,3,2,1.8,16,1.6,0.6749485577,1.079917692
"BUR,LIV,SOU",1.3,3,2.4,0.9,1.4,1.3,1.9,1.4,0.9,1.8,16.3,1.63,0.6634087059,1.081356191
"CRY,SOU,WOL",1.4,3,1.9,0.8,1.4,1.3,0.8,1.4,2.4,1.4,15.8,1.58,0.6844300143,1.081399423
"FUL,WBA,WOL",1.8,2,1.5,0.8,1.8,1,0.8,3,2,1.5,16.2,1.62,0.6679986693,1.082157844
"BUR,NEW,WBA",3,1.5,2.5,1.9,1.4,2,1.5,1.9,0.9,1.5,18.1,1.81,0.5989806155,1.084154914
"BUR,CHE,SHU",1.8,1.8,1.3,0.8,0.8,3,2.3,1.3,0.9,1.3,15.3,1.53,0.7087547766,1.084394808
"MUN,TOT,WHU",1.5,0.8,1.4,3,1.8,2.4,1.4,1,0.8,1.5,15.6,1.56,0.6963396362,1.086289832
"TOT,WBA,WHU",1.5,2.5,1.4,3,2,2,1.4,1,2,1.5,18.3,1.83,0.594511938,1.087956847
"BHA,BUR,CHE",1.8,1.9,1.3,0.8,1.4,0.9,2.3,1.3,0.9,3,15.6,1.56,0.6995236474,1.09125689
"LEE,LEI,TOT",1.3,0.8,1.4,2.5,1.3,1.8,1.4,1.3,3,0.8,15.6,1.56,0.7011102307,1.09373196
"ARS,LEE,MUN",1.4,0.8,1.8,1.4,1.8,1.8,3,1.3,0.8,2.3,16.4,1.64,0.6669999167,1.093879863
"CRY,TOT,WBA",1.9,2.5,1.4,3,1.4,1.4,1.4,1.4,2.4,1.4,18.2,1.82,0.601479657,1.094692976
"BUR,MCI,SOU",1.4,3,2.4,0.9,1.4,1.9,1.8,1.4,0.9,1.8,16.9,1.69,0.6488451279,1.096548266
"BHA,MUN,WHU",1.5,0.8,1.8,2.4,1.4,0.9,3,1,0.8,1.5,15.1,1.51,0.7264066813,1.096874089
"BHA,MUN,TOT",1.9,0.8,1.4,2.4,1.4,0.9,1.4,1.4,0.8,3,15.4,1.54,0.7136759302,1.099060932
"FUL,LEE,MCI",3.1,0.8,1.5,1.8,2,1,1,1.3,2,1.8,16.3,1.63,0.6750308635,1.100300307
"ARS,CHE,NEW",1.4,1.5,1.3,0.8,2.5,3,2,1.3,1.8,1.5,17.1,1.71,0.6436872947,1.100705274
"CRY,MUN,WBA",2.5,0.8,1.8,3,1.4,1.4,1.5,1.4,0.8,1.4,16,1.6,0.687992248,1.100787597
"AVL,CHE,MUN",1.8,0.8,1.3,0.8,1.8,1.5,2.3,1.3,0.8,3,15.4,1.54,0.7152311204,1.101455925
"MUN,SHU,TOT",1.9,0.8,1.3,3,0.8,2.4,1.4,1.4,0.8,1.3,15.1,1.51,0.729459465,1.101483792
"BUR,MUN,WBA",3.1,0.8,1.8,1.9,1.4,2,1.5,1.9,0.8,1.5,16.7,1.67,0.6600505031,1.10228434
"FUL,MCI,WOL",1.8,2,1.5,0.8,1.8,1,0.8,3,2,1.8,16.5,1.65,0.6687467549,1.103432146
"BHA,MUN,NEW",3,0.8,1.8,2,1.4,0.9,2,1.9,0.8,1.5,16.1,1.61,0.6854844191,1.103629915
"ARS,AVL,MUN",1.4,0.8,1.5,1.4,1.8,1.5,2.5,1.4,0.8,3,16.1,1.61,0.6854844191,1.103629915
"LEE,MCI,TOT",1.9,0.8,1.4,1.8,2.5,1.8,1.4,1.3,3,1.8,17.7,1.77,0.6236986452,1.103946602
"BUR,FUL,LEE",3.1,0.8,1.5,1.9,1.4,1,1,1.3,0.9,2.3,15.2,1.52,0.7269418439,1.104951603
"AVL,LEI,SHU",1.3,1.5,1.3,2.5,0.8,1.5,1.8,3,1.5,0.8,16,1.6,0.6912147118,1.105943539
"LEE,MUN,TOT",1.9,0.8,1.4,3,1.8,1.8,1.4,1.3,0.8,2.3,16.5,1.65,0.6704061787,1.106170195
"LIV,NEW,SHU",1.3,1.5,1.3,1.8,0.8,1.3,2,3,2.5,1.3,16.8,1.68,0.6596295257,1.108177603
"ARS,CHE,EVE",1.4,1,1.3,0.8,2.5,3,2,1.3,1.5,1.5,16.3,1.63,0.6799509786,1.108320095
"CHE,MCI,SOU",1.4,3,1.3,0.8,2.5,1.9,1.8,1.3,1.8,1.8,17.6,1.76,0.6310485102,1.110645378
"BUR,MCI,SHU",3,1.8,1.3,1.8,0.8,2.3,1.8,1.9,0.9,1.3,16.9,1.69,0.6573515887,1.110924185
"ARS,BUR,LEI",1.3,1.8,2.5,1.4,1.3,3,1.8,1.4,0.9,0.8,16.2,1.62,0.6860515044,1.111403437
"ARS,BUR,LIV",1.3,2.5,2.5,1.4,1.4,1.3,2.8,1.4,0.9,1.8,17.3,1.73,0.6429964576,1.112383872
"EVE,FUL,MUN",3.1,0.8,1.5,1.5,1.8,1,1,2.3,0.8,1.5,15.3,1.53,0.7273238618,1.112805509
"BUR,SOU,WHU",1.4,3,2.4,0.9,1.4,1.9,1.9,1,0.9,1.5,16.3,1.63,0.6832113712,1.113634535
"LEI,SHU,WOL",1.3,1.8,1.3,0.8,0.8,1.3,0.8,3,2.5,0.8,14.4,1.44,0.7734482673,1.113765505
"ARS,MCI,SOU",1.4,2.5,2.4,0.9,2.9,1.9,1.8,1.4,1.9,1.8,18.9,1.89,0.589632654,1.114405716
"FUL,MUN,WOL",1.8,0.8,1.5,0.8,1.8,1,0.8,2.3,0.8,3,14.6,1.46,0.764780288,1.11657922
"BHA,LEE,WHU",1.5,0.8,1.8,2.4,1.4,0.9,3,1,1.9,1.5,16.2,1.62,0.6892830414,1.116638527
"LEE,NEW,TOT",1.9,0.8,1.4,2,2.5,1.8,1.4,1.3,3,1.5,17.6,1.76,0.6345602152,1.116825979
"BUR,NEW,WHU",1.5,1.5,2.5,1.9,1.4,3,2,1,0.9,1.5,17.2,1.72,0.6494442068,1.117044036
"CRY,FUL,WBA",2.5,2,1.5,3,1.4,1,1,1.4,2,1.4,17.2,1.72,0.6494442068,1.117044036
"NEW,SHU,WOL",1.8,1.5,1.3,0.8,0.8,1.3,0.8,3,2.5,1.3,15.1,1.51,0.7400450437,1.117468016
"AVL,MUN,WOL",1.8,0.8,1.5,0.8,1.8,1.3,0.8,2.3,0.8,3,14.9,1.49,0.750481327,1.118217177
"ARS,MCI,WOL",1.4,2.5,2.9,0.8,1.8,1.3,0.8,1.4,1.9,1.8,16.6,1.66,0.6736302976,1.118226294
"ARS,LEE,SOU",1.4,0.8,1.8,0.9,3,1.8,1.9,1.3,1.9,2.3,17.1,1.71,0.6539622823,1.118275503
"ARS,BHA,SOU",1.4,1.9,2.4,0.9,1.4,0.9,1.9,1.4,1.9,3,17.1,1.71,0.6539622823,1.118275503
"SOU,TOT,WHU",1.4,3,1.4,0.9,2.5,1.9,1.4,1,2,1.5,17,1.7,0.6582805886,1.119077001
"ARS,LIV,WOL",1.3,2.5,2.9,0.8,1.8,1.3,0.8,1.4,1.9,1.8,16.5,1.65,0.6786424357,1.119760019
"BUR,MUN,TOT",1.9,0.8,1.4,1.9,1.4,2.4,1.4,1.4,0.8,3,16.4,1.64,0.6834552737,1.120866649
"BHA,WBA,WHU",1.5,1.9,3.1,2.4,1.4,0.9,1.5,1,1.9,1.5,17.1,1.71,0.6556591255,1.121177105
"MCI,TOT,WHU",1.5,3,1.4,1.8,2.5,2.3,1.4,1,2,1.5,18.4,1.84,0.6095535707,1.12157857
"CHE,LEI,MUN",1.3,0.8,1.3,0.8,1.3,3.5,1.8,1.3,0.8,0.8,13.7,1.37,0.8192815281,1.122415693
"CHE,MUN,TOT",1.8,0.8,1.3,0.8,1.8,2.4,1.4,1.3,0.8,3,15.4,1.54,0.7290785661,1.122780992
"AVL,MUN,WHU",1.5,0.8,1.5,3,1.8,1.5,2.5,1,0.8,1.5,15.9,1.59,0.7062420108,1.122924797
"BUR,CRY,LEE",2.5,0.8,1.8,1.9,1.4,1.4,3,1.3,0.9,1.4,16.4,1.64,0.6850790709,1.123529676
"ARS,CHE,WOL",1.4,2.5,1.3,0.8,1.8,1.3,0.8,1.3,1.8,3,16,1.6,0.7023769169,1.123803067
"LIV,TOT,WOL",1.3,3,1.4,0.8,1.8,1.3,0.8,1.4,2.5,1.8,16.1,1.61,0.6983313445,1.124313465
"ARS,WBA,WHU",1.4,2.5,3.1,1.4,2,2,1.5,1,1.9,1.5,18.3,1.83,0.6147266782,1.124949821
"SHU,TOT,WBA",1.9,1.8,1.3,3,0.8,2,1.4,1.4,2.5,1.3,17.4,1.74,0.64670103,1.125259792
"LEE,LEI,WBA",1.3,0.8,1.8,2.5,1.3,1.8,1.5,1.3,3,0.8,16.1,1.61,0.6999206304,1.126872215
"CHE,EVE,WHU",1.5,1,1.3,0.8,2.5,3,2,1,1.5,1.5,16.1,1.61,0.6999206304,1.126872215
"BUR,MCI,NEW",3,1.5,2.5,1.8,1.4,2.3,1.8,1.9,0.9,1.5,18.6,1.86,0.6058969476,1.126968323
"LIV,SHU,WBA",1.3,1.8,1.3,1.8,0.8,1.3,1.5,3.1,2.5,1.3,16.7,1.67,0.6750308635,1.127301542
"FUL,MUN,NEW",3,0.8,1.5,2,1.8,1,1,2.3,0.8,1.5,15.7,1.57,0.7196449742,1.129842609
"CHE,EVE,NEW",1.8,1,1.3,0.8,2.5,3,2,1.3,1.5,1.5,16.7,1.67,0.6766748768,1.130047044
"BHA,SHU,WBA",3,1.8,1.3,2.4,0.8,0.9,1.5,1.9,1.9,1.3,16.8,1.68,0.6729701991,1.130589935
"CHE,CRY,MCI",1.8,3.4,1.3,0.8,1.4,1.4,1.8,1.3,1.8,1.4,16.4,1.64,0.6899275324,1.131481153
"EVE,SHU,WOL",1.8,1,1.3,0.8,0.8,1.3,0.8,3.5,1.5,1.3,14.1,1.41,0.8061568637,1.136681178
"BUR,CRY,MUN",2.5,0.8,1.8,1.9,1.4,1.4,3,1.4,0.8,1.4,16.4,1.64,0.693140999,1.136751238
"ARS,TOT,WOL",1.4,2.5,1.4,0.8,1.8,1.3,0.8,1.4,1.9,3,16.3,1.63,0.6976946164,1.137242225
"ARS,WBA,WOL",1.4,2.5,3,0.8,1.8,1.3,0.8,1.4,1.9,1.5,16.4,1.64,0.6947421584,1.13937714
"AVL,BUR,SHU",3,1.5,1.3,1.9,0.8,1.5,2.5,1.9,0.9,1.3,16.6,1.66,0.6866990284,1.139920387
"ARS,MCI,NEW",1.4,1.5,2.9,1.4,2.9,2.3,1.8,1.4,1.9,1.5,19,1.9,0.6,1.14
"ARS,AVL,LEE",1.4,0.8,1.5,1.4,3,1.5,2.5,1.3,1.5,2.3,17.2,1.72,0.6629898608,1.140342561
"LIV,SOU,WBA",1.3,2.5,2.4,0.9,2,1.3,1.5,1.4,2.9,1.5,17.7,1.77,0.6447221624,1.141158227
"CHE,SOU,WHU",1.4,3,1.3,0.8,2.5,1.9,1.9,1,1.8,1.5,17.1,1.71,0.6674162453,1.141281779
"SOU,WHU,WOL",1.4,3,2.4,0.8,1.8,1.3,0.8,1,2,1.5,16,1.6,0.7133644853,1.141383176
"BHA,LEE,WBA",3.1,0.8,1.8,2.4,1.4,0.9,1.5,1.3,1.9,1.5,16.6,1.66,0.6883151733,1.142603188
"AVL,MUN,NEW",3,0.8,1.5,2,1.8,1.5,2,2.3,0.8,1.5,17.2,1.72,0.6646636576,1.143221491
"BHA,FUL,WBA",3.1,1.9,1.5,2.4,1.4,0.9,1,1.9,1.9,1.5,17.5,1.75,0.653622385,1.143839174
"ARS,AVL,CHE",1.4,1.5,1.3,0.8,2.5,1.5,2.3,1.3,1.5,3,17.1,1.71,0.6690789689,1.144125037
"ARS,BHA,LIV",1.3,1.9,2.9,1.4,1.4,0.9,2.8,1.4,1.9,1.8,17.7,1.77,0.6464432604,1.144204571
"CRY,MCI,WHU",1.5,3.4,1.9,1.8,1.4,1.4,1.8,1,2,1.4,17.6,1.76,0.6501281925,1.144225619
"ARS,BUR,TOT",1.4,2.5,1.4,1.4,1.4,2.4,1.4,1.4,0.9,3,17.2,1.72,0.66633325,1.14609319
"EVE,MUN,WBA",3.1,0.8,1.5,1.5,1.8,2,1.5,2.3,0.8,1.5,16.8,1.68,0.6828046736,1.147111852
"FUL,LEI,WBA",1.3,1.8,1.5,2.5,1.3,1,1,3,2,0.8,16.2,1.62,0.7083627445,1.147547646
"MCI,TOT,WOL",1.8,3,1.4,0.8,1.8,1.3,0.8,1.4,2.5,1.8,16.6,1.66,0.6915361323,1.14794998
"LEE,MCI,SHU",3,0.8,1.3,1.8,0.8,1.8,1.8,1.3,2.5,1.3,16.4,1.64,0.7011102307,1.149820778
"LEI,LIV,SHU",1.3,1.8,1.3,1.8,0.8,1.3,1.8,3,2.5,0.8,16.4,1.64,0.7011102307,1.149820778
"BHA,FUL,SHU",3,1.8,1.3,2.4,0.8,0.9,1,1.9,1.9,1.3,16.3,1.63,0.7056124212,1.150148246
"ARS,WHU,WOL",1.4,2.5,3,0.8,1.8,1.3,0.8,1,1.9,1.5,16,1.6,0.7211102551,1.153776408
"AVL,SHU,TOT",1.9,1.5,1.3,3.5,0.8,1.5,1.4,1.4,1.5,1.3,16.1,1.61,0.7171703656,1.154644289
"BHA,BUR,NEW",3,1.5,2.5,1.9,1.4,0.9,2,1.9,0.9,1.5,17.5,1.75,0.6603870919,1.155677411
"MUN,NEW,WBA",3,0.8,1.8,2,1.8,2,1.5,2.3,0.8,1.5,17.5,1.75,0.6603870919,1.155677411
"AVL,SHU,WOL",1.8,1.5,1.3,0.8,0.8,1.3,0.8,3.5,1.5,1.3,14.6,1.46,0.7933053216,1.15822577
"BUR,LEI,NEW",1.3,1.5,2.5,1.9,1.3,3,1.8,1.9,0.9,0.8,16.9,1.69,0.6854844191,1.158468668
"EVE,LIV,WOL",1.3,1,1.5,0.8,1.8,1.3,0.8,3.5,1.5,1.5,15,1.5,0.7745966692,1.161895004
"BUR,LEI,WHU",1.3,1.8,2.5,1.9,1.3,3,1.8,1,0.9,0.8,16.3,1.63,0.7149980575,1.165446834
"AVL,NEW,WBA",3,1.5,1.5,2,2,1.5,1.5,3,1.5,1.5,19,1.9,0.6146362972,1.167808965
"FUL,MCI,MUN",3.1,0.8,1.5,1.8,1.8,1,1,2.3,0.8,1.8,15.9,1.59,0.7355270219,1.169487965
"FUL,LEI,SHU",1.3,1.8,1.3,2.5,0.8,1,1,3,2,0.8,15.5,1.55,0.7546154282,1.169653914
"ARS,CRY,SHU",1.4,1.8,1.3,1.4,0.8,1.4,3.5,1.4,1.9,1.3,16.2,1.62,0.7238784428,1.172683077
"WBA,WHU,WOL",1.5,2.5,3,0.8,1.8,1.3,0.8,1,2,1.5,16.2,1.62,0.7238784428,1.172683077
"CHE,MCI,TOT",1.8,3,1.3,0.8,2.5,2.3,1.4,1.3,1.8,1.8,18,1.8,0.6531972647,1.175755077
"ARS,AVL,NEW",1.4,1.5,1.5,1.4,3.6,1.5,2,1.4,1.5,1.5,17.3,1.73,0.6799509786,1.176315193
"MCI,MUN,WBA",3.1,0.8,1.8,1.8,1.8,2,1.5,2.3,0.8,1.5,17.4,1.74,0.6769211344,1.177842774
"CRY,LEE,WBA",2.5,0.8,1.8,3,1.4,1.4,1.5,1.3,2.4,1.4,17.5,1.75,0.6737127644,1.178997338
"BHA,LEI,WHU",1.3,1.8,3.1,2.4,1.3,0.9,1.8,1,1.9,0.8,16.3,1.63,0.7242620766,1.180547185
"BHA,LIV,WHU",1.3,1.9,2.9,1.8,1.4,0.9,2.8,1,1.9,1.5,17.4,1.74,0.678560568,1.180695388
"BHA,MUN,WBA",3.1,0.8,1.8,2.4,1.4,0.9,1.5,1.9,0.8,1.5,16.1,1.61,0.7340148348,1.181763884
"CHE,LEI,NEW",1.3,1.5,1.3,0.8,1.3,3.5,1.8,1.3,1.8,0.8,15.4,1.54,0.7676804891,1.182227953
"CRY,SHU,WBA",2.5,1.8,1.3,3,0.8,1.4,1.5,1.4,2.4,1.3,17.4,1.74,0.6801960502,1.183541127
"BHA,BUR,WBA",3.1,1.9,2.5,1.9,1.4,0.9,1.5,1.9,0.9,1.5,17.5,1.75,0.6786424357,1.187624263
"ARS,BHA,SHU",1.4,1.8,1.3,1.4,0.8,0.9,3.5,1.4,1.9,1.3,15.7,1.57,0.7572611468,1.1889
"LEI,SOU,TOT",1.3,1.8,1.4,0.9,1.3,1.9,1.4,1.4,3.5,0.8,15.7,1.57,0.7572611468,1.1889
"SHU,WBA,WOL",1.8,1.8,1.3,0.8,0.8,1.3,0.8,3.1,2.5,1.3,15.5,1.55,0.7677528538,1.190016923
"LIV,SOU,WHU",1.3,3,2.4,0.9,2.3,1.3,1.9,1,2,1.5,17.6,1.76,0.6769211344,1.191381197
"CRY,LIV,MCI",1.3,3.4,1.9,1.8,1.4,1.3,1.8,1.4,2.4,1.4,18.1,1.81,0.6590397054,1.192861867
"MCI,NEW,WHU",1.5,1.5,2.9,1.8,2.9,2.3,1.8,1,2,1.5,19.2,1.92,0.6214677966,1.193218169
"CHE,MCI,WOL",1.8,3.4,1.3,0.8,1.8,1.3,0.8,1.3,1.8,1.8,16.1,1.61,0.7415449338,1.193887343
"MCI,MUN,NEW",3,0.8,1.8,1.8,1.8,2.3,1.8,2.3,0.8,1.5,17.9,1.79,0.6690789689,1.197651354
"LEE,SOU,TOT",1.4,0.8,1.4,0.9,2.5,1.8,1.4,1.3,3,2.3,16.8,1.68,0.7130529044,1.197928879
"AVL,LIV,WOL",1.3,1.5,1.5,0.8,1.8,1.3,0.8,3.5,1.5,1.8,15.8,1.58,0.7583608054,1.198210072
"ARS,SOU,TOT",1.4,2.5,1.4,0.9,2.5,1.9,1.4,1.4,1.9,3,18.3,1.83,0.6566751268,1.201715482
"AVL,NEW,SOU",1.4,1.5,1.5,0.9,3.6,1.5,1.9,1.4,1.5,1.5,16.7,1.67,0.7196449742,1.201807107
"ARS,BHA,CRY",1.4,1.9,1.9,1.4,1.4,0.9,3.5,1.4,1.9,1.4,17.1,1.71,0.703088425,1.202281207
"LEE,NEW,SHU",3,0.8,1.3,2,0.8,1.8,2,1.3,2.5,1.3,16.8,1.68,0.7161626134,1.203153191
"ARS,AVL,EVE",1.4,1,1.5,1.4,3.6,1.5,2,1.4,1.5,1.5,16.8,1.68,0.7161626134,1.203153191
"AVL,EVE,WOL",1.8,1,1.5,0.8,1.8,1.3,0.8,3.5,1.5,1.5,15.5,1.55,0.7763876466,1.203400852
"EVE,MCI,WOL",1.8,1,1.5,0.8,1.8,1.3,0.8,3.5,1.5,1.5,15.5,1.55,0.7763876466,1.203400852
"FUL,SHU,WHU",1.5,1.8,1.3,3.5,0.8,1,1,1,2,1.3,15.2,1.52,0.7927448798,1.204972217
"BUR,CRY,WOL",1.8,3.5,1.9,0.8,1.4,1.3,0.8,1.4,0.9,1.4,15.2,1.52,0.7927448798,1.204972217
"BHA,MCI,NEW",3,1.5,2.9,1.8,1.4,0.9,1.8,1.9,1.9,1.5,18.6,1.86,0.6484168755,1.206055388
"CHE,TOT,WHU",1.5,3,1.3,0.8,2.5,2.4,1.4,1,1.8,1.5,17.2,1.72,0.7036413228,1.210263075
"MCI,TOT,WBA",1.9,2.5,1.4,1.8,2,2,1.4,1.4,3.4,1.5,19.3,1.93,0.6272515002,1.210595395
"AVL,EVE,SOU",1.4,1,1.5,0.9,3.6,1.5,1.9,1.4,1.5,1.5,16.2,1.62,0.7495183639,1.214219749
"CHE,LEI,WHU",1.3,1.8,1.3,0.8,1.3,3.5,1.8,1,1.8,0.8,15.4,1.54,0.7890923055,1.215202151
"LEI,WBA,WHU",1.3,1.8,3.1,2.5,1.3,2,1.5,1,2,0.8,17.3,1.73,0.7024560089,1.215248895
"LIV,MCI,TOT",1.3,3,1.4,1.8,2.3,1.3,1.4,1.4,2.9,1.8,18.6,1.86,0.6535373831,1.215579533
"LEI,MCI,TOT",1.3,1.8,1.4,1.8,1.3,2.3,1.4,1.4,3.4,0.8,16.9,1.69,0.7202622979,1.217243283
"AVL,SOU,WHU",1.4,1.5,1.5,0.9,3.6,1.5,1.9,1,1.5,1.5,16.3,1.63,0.7469196,1.217478948
"MCI,MUN,SHU",3,0.8,1.3,1.8,0.8,2.3,1.8,2.3,0.8,1.3,16.2,1.62,0.7539525479,1.221403128
"BUR,FUL,SOU",1.4,2,1.5,0.9,1.4,1,1,1.4,0.9,3.6,15.1,1.51,0.8102811583,1.223524549
"ARS,NEW,WBA",1.4,1.5,3.6,1.4,2,2,1.5,1.4,1.9,1.5,18.2,1.82,0.6729701991,1.224805762
"AVL,EVE,WHU",1.5,1,1.5,1.5,3.6,1.5,2,1,1.5,1.5,16.6,1.66,0.7381658952,1.225355386
"CHE,LEI,SHU",1.3,1.8,1.3,0.8,0.8,3.5,1.8,1.3,1.8,0.8,15.2,1.52,0.806639118,1.226091459
"AVL,MCI,WOL",1.8,1.5,1.5,0.8,1.8,1.3,0.8,3.5,1.5,1.8,16.3,1.63,0.7543208866,1.229543045
"ARS,BHA,WBA",1.4,1.9,3.6,1.4,1.4,0.9,1.5,1.4,1.9,1.5,16.9,1.69,0.7279346735,1.230209598
"BUR,MCI,WBA",3.1,2.5,2.5,1.8,1.4,2,1.5,1.9,0.9,1.5,19.1,1.91,0.6454111523,1.232735301
"AVL,FUL,WHU",1.5,1.5,1.5,3.6,2,1,1,1,1.5,1.5,16.1,1.61,0.7665941995,1.234216661
"EVE,FUL,SHU",3,1,1.3,1.5,0.8,1,1,3,1.5,1.3,15.4,1.54,0.8030497425,1.236696603
"AVL,BHA,SHU",3,1.5,1.3,2.4,0.8,0.9,2.5,1.9,1.5,1.3,17.1,1.71,0.7233410138,1.236913134
"EVE,NEW,WBA",3,1,1.5,1.5,2,2,1.5,3,1.5,1.5,18.5,1.85,0.6687467549,1.237181497
"ARS,BUR,SOU",1.4,2.5,2.4,0.9,1.4,1.9,1.9,1.4,0.9,3,17.7,1.77,0.6992853495,1.237735069
"ARS,CHE,SOU",1.4,2.5,1.3,0.8,2.5,1.9,1.9,1.3,1.8,3,18.4,1.84,0.6736302976,1.239479747
"CHE,LIV,MCI",1.3,3.4,1.3,0.8,2.3,1.3,1.8,1.3,1.8,1.8,17.1,1.71,0.7248754682,1.239537051
"BHA,EVE,MCI",3.6,1,1.5,1.5,1.4,0.9,1.8,1.9,1.5,1.5,16.6,1.66,0.7471427054,1.240256891
"AVL,NEW,WHU",1.5,1.5,1.5,2,3.6,1.5,2,1,1.5,1.5,17.6,1.76,0.7058485831,1.242293506
"AVL,CRY,MUN",2.5,0.8,1.5,3,1.4,1.4,2.5,1.4,0.8,1.4,16.7,1.67,0.7439384682,1.242377242
"ARS,BHA,NEW",1.4,1.5,3.6,1.4,1.4,0.9,2,1.4,1.9,1.5,17,1.7,0.7318166133,1.244088243
"AVL,MCI,WBA",3.1,1.5,1.5,1.8,2,1.5,1.5,3.1,1.5,1.5,19,1.9,0.6548960901,1.244302571
"BHA,FUL,LEE",3.1,0.8,1.5,2.4,1.4,0.9,1,1.3,1.9,2.3,16.6,1.66,0.7501111029,1.245184431
"CHE,WHU,WOL",1.5,3.6,1.3,0.8,1.8,1.3,0.8,1,1.8,1.5,15.4,1.54,0.8085652588,1.245190499
"BHA,EVE,LEE",3.6,0.8,1.5,1.5,1.4,0.9,2,1.3,1.5,1.5,16,1.6,0.7788880964,1.246220954
"FUL,SHU,TOT",1.9,1.8,1.3,3.5,0.8,1,1,1.4,2,1.3,16,1.6,0.7803133274,1.248501324
"ARS,MUN,SHU",1.4,0.8,1.3,1.4,0.8,3,3,1.4,0.8,1.3,15.2,1.52,0.8216514535,1.248910209
"AVL,BHA,MCI",3.6,1.5,1.5,1.8,1.4,0.9,1.8,1.9,1.5,1.8,17.7,1.77,0.7056124212,1.248933985
"MCI,NEW,TOT",1.9,1.5,1.4,1.8,2.5,2.3,1.4,1.4,3.4,1.5,19.1,1.91,0.6539622823,1.249067959
"BHA,SOU,TOT",1.4,1.9,1.4,0.9,1.4,0.9,1.4,1.4,1.9,3.6,16.2,1.62,0.7714344503,1.249723809
"BHA,CRY,LEE",2.5,0.8,1.8,2.4,1.4,0.9,3,1.3,1.9,1.4,17.4,1.74,0.7183313998,1.249896636
"LEI,MCI,SHU",1.3,1.8,1.3,1.8,0.8,2.3,1.8,3,2.5,0.8,17.4,1.74,0.7183313998,1.249896636
"MCI,SOU,WOL",1.4,3,2.4,0.8,1.8,1.3,0.8,1.4,2.5,1.8,17.2,1.72,0.7299923896,1.25558691
"BHA,MCI,WBA",3.1,1.9,2.9,1.8,1.4,0.9,1.5,1.9,1.9,1.5,18.8,1.88,0.6679986693,1.255837498
"ARS,BUR,WOL",1.4,2.5,2.5,0.8,1.4,1.3,0.8,1.4,0.9,3,16,1.6,0.7859884082,1.257581453
"LIV,SOU,WOL",1.3,3,2.4,0.8,1.8,1.3,0.8,1.4,2.5,1.8,17.1,1.71,0.7355270219,1.257751208
"BHA,TOT,WOL",1.8,1.9,1.4,0.8,1.4,0.9,0.8,1.4,1.9,3.5,15.8,1.58,0.7969385868,1.259162967
"BHA,FUL,SOU",1.4,1.9,1.5,0.9,1.4,0.9,1,1.4,1.9,3.6,15.9,1.59,0.792254168,1.259684127
"EVE,LEI,NEW",1.3,1,1.5,1.5,1.3,3,1.8,3,1.5,0.8,16.7,1.67,0.7543208866,1.259715881
"EVE,SOU,WHU",1.4,1,1.5,0.9,3.6,1.9,1.9,1,1.5,1.5,16.2,1.62,0.7786027371,1.261336434
"BHA,CRY,MUN",2.5,0.8,1.8,2.4,1.4,0.9,3,1.4,0.8,1.4,16.4,1.64,0.7691264887,1.261367441
"BUR,CHE,LIV",1.3,3.5,1.3,0.8,1.4,1.3,2.3,1.3,0.9,1.8,15.9,1.59,0.7936553968,1.261912081
"AVL,LIV,MCI",1.3,1.5,1.5,1.8,2.3,1.3,1.8,3.6,1.5,1.8,18.4,1.84,0.6866990284,1.263526212
"ARS,SOU,WOL",1.4,2.5,2.4,0.8,1.8,1.3,0.8,1.4,1.9,3,17.3,1.73,0.731892524,1.266174066
"BUR,CHE,CRY",1.8,3.5,1.3,0.8,1.4,1.4,2.3,1.3,0.9,1.4,16.1,1.61,0.7866242926,1.266465111
"AVL,BHA,EVE",3.6,1,1.5,1.5,1.4,0.9,2,1.9,1.5,1.5,16.8,1.68,0.7539525479,1.26664028
"AVL,BUR,EVE",3.6,1,1.5,1.5,1.4,1.5,2,1.9,0.9,1.5,16.8,1.68,0.7539525479,1.26664028
"BUR,CRY,MCI",2.5,3.4,1.9,1.8,1.4,1.4,1.8,1.4,0.9,1.4,17.9,1.79,0.7078135348,1.266986227
"CHE,MUN,NEW",1.8,0.8,1.3,0.8,1.8,3.5,2,1.3,0.8,1.5,15.6,1.56,0.8126773311,1.267776636
"BUR,CHE,MCI",1.8,3.4,1.3,0.8,1.4,2.3,1.8,1.3,0.9,1.8,16.8,1.68,0.7554248253,1.269113706
"EVE,LEE,NEW",3,0.8,1.5,1.5,3,1.8,2,1.3,1.5,1.5,17.9,1.79,0.7093815773,1.269793023
"BUR,EVE,LEE",3.6,0.8,1.5,1.5,1.4,1.8,2,1.3,0.9,1.5,16.3,1.63,0.7803845206,1.272026769
"ARS,BHA,LEI",1.3,1.8,3.6,1.4,1.3,0.9,1.8,1.4,1.9,0.8,16.2,1.62,0.7857056277,1.272843117
"EVE,LIV,SHU",1.3,1,1.3,1.5,0.8,1.3,2,3.7,1.5,1.3,15.7,1.57,0.8124722217,1.275581388
"LIV,SOU,TOT",1.3,3,1.4,0.9,2.3,1.3,1.4,1.4,2.9,1.8,17.7,1.77,0.7211872927,1.276501508
"CHE,MUN,SHU",1.8,0.8,1.3,0.8,0.8,3.5,2.3,1.3,0.8,1.3,14.7,1.47,0.8692908988,1.277857621
"EVE,FUL,NEW",3,1,1.5,1.5,2,1,1,3,1.5,1.5,17,1.7,0.7527726527,1.27971351
"CRY,FUL,WHU",1.5,2,1.5,3.6,1.4,1,1,1,2,1.4,16.4,1.64,0.7805980613,1.280180821
"BUR,FUL,WOL",1.8,2,1.5,0.8,1.4,1,0.8,1.9,0.9,3.5,15.6,1.56,0.8208396785,1.280509898
"BUR,LIV,MCI",1.3,3.4,2.5,1.8,1.4,1.3,1.8,1.9,0.9,1.8,18.1,1.81,0.7093815773,1.283980655
"LEE,MCI,SOU",1.4,0.8,1.8,0.9,2.9,1.8,1.8,1.3,3,1.8,17.5,1.75,0.7337120234,1.283996041
"BHA,BUR,EVE",3.6,1,1.5,1.5,1.4,0.9,2,1.9,0.9,1.5,16.2,1.62,0.7927448798,1.284246705
"EVE,LEI,SHU",1.3,1,1.3,1.5,0.8,3,1.8,3,1.5,0.8,16,1.6,0.8027729719,1.284436755
"CRY,MUN,WHU",1.5,0.8,1.8,3,1.4,1.4,3,1,0.8,1.4,16.1,1.61,0.7978443179,1.284529352
"ARS,BHA,MUN",1.4,0.8,1.8,1.4,1.4,0.9,3,1.4,0.8,3,15.9,1.59,0.8089087299,1.286164881
"AVL,FUL,NEW",3,1.5,1.5,2,2,1,1,3,1.5,1.5,18,1.8,0.714920353,1.286856635
"CRY,WHU,WOL",1.5,3.6,1.9,0.8,1.4,1.3,0.8,1,2,1.4,15.7,1.57,0.8206366093,1.288399477
"FUL,SOU,WOL",1.4,2,1.5,0.8,1.8,1,0.8,1.4,2,3.5,16.2,1.62,0.7955431408,1.288779888
"AVL,LEE,NEW",3,0.8,1.5,2,3,1.5,2,1.3,1.5,1.5,18.1,1.81,0.7125073099,1.289638231
"LEE,TOT,WBA",1.9,0.8,1.4,3,2,1.8,1.4,1.3,3,1.5,18.1,1.81,0.7140650453,1.292457732
"BUR,EVE,NEW",3,1,1.5,1.5,1.4,3,2,1.9,0.9,1.5,17.7,1.77,0.730372812,1.292759877
"CRY,MCI,WOL",1.8,3.4,1.9,0.8,1.4,1.3,0.8,1.4,2.4,1.4,16.6,1.66,0.7791733511,1.293427763
"FUL,MCI,NEW",3,1.5,1.5,1.8,2,1,1,3,2,1.5,18.3,1.83,0.7071853442,1.29414918
"ARS,BUR,CRY",1.4,2.5,1.9,1.4,1.4,1.4,3.5,1.4,0.9,1.4,17.2,1.72,0.7524773898,1.294261111
"NEW,SOU,TOT",1.4,1.5,1.4,0.9,2.5,1.9,1.4,1.4,3.5,1.5,17.4,1.74,0.7441624673,1.294842693
"CRY,FUL,TOT",1.9,2,1.4,3.6,1.4,1,1,1.4,2,1.4,17.1,1.71,0.7578478299,1.295919789
"AVL,SHU,WHU",1.5,1.5,1.3,3.5,0.8,1.5,2.5,1,1.5,1.3,16.4,1.64,0.7904991391,1.296418588
"CHE,SOU,WOL",1.4,3,1.3,0.8,1.8,1.3,0.8,1.3,1.8,3,16.5,1.65,0.7863417408,1.297463872
"AVL,NEW,SHU",3,1.5,1.3,2,0.8,1.5,2,3,1.5,1.3,17.9,1.79,0.7248754682,1.297527088
"CHE,MUN,WHU",1.5,0.8,1.3,0.8,1.8,3.5,2.3,1,0.8,1.5,15.3,1.53,0.8485936077,1.29834822
"LEE,NEW,WBA",3,0.8,1.8,2,2,1.8,1.5,1.3,3,1.5,18.7,1.87,0.6945022198,1.298719151
"CHE,NEW,SHU",1.8,1.5,1.3,0.8,0.8,3.6,2,1.3,1.8,1.3,16.2,1.62,0.8024961059,1.300043692
"AVL,EVE,WBA",3.1,1,1.5,1.5,2,1.5,1.5,3.1,1.5,1.5,18.2,1.82,0.7146094504,1.3005892
"NEW,SOU,WBA",1.4,1.5,2.4,0.9,2,1.9,1.5,1.4,3.5,1.5,18,1.8,0.7226494463,1.300769003
"ARS,MCI,WHU",1.4,2.5,2.9,1.4,2.9,2.3,1.8,1,1.9,1.5,19.6,1.96,0.6636598861,1.300773377
"AVL,LEE,WBA",3.1,0.8,1.5,3,2,1.5,1.5,1.3,1.5,1.5,17.7,1.77,0.7349225205,1.300812861
"ARS,LIV,WHU",1.3,2.5,2.9,1.4,2.3,1.3,2.8,1,1.9,1.5,18.9,1.89,0.6887186169,1.301678186
"ARS,LEE,WHU",1.4,0.8,1.8,1.4,3,1.8,3,1,1.9,1.5,17.6,1.76,0.7396695959,1.301818489
"CRY,SHU,TOT",1.9,1.8,1.3,3.5,0.8,1.4,1.4,1.4,2.4,1.3,17.2,1.72,0.7583608054,1.304380585
"LEI,MCI,SOU",1.3,1.8,2.4,0.9,1.3,1.9,1.8,1.4,3.4,0.8,17,1.7,0.7673909622,1.304564636
"ARS,CRY,WHU",1.4,2.5,1.9,1.4,1.4,1.4,3.5,1,1.9,1.4,17.8,1.78,0.7330302404,1.304793828
"NEW,TOT,WBA",1.9,1.5,1.4,2,2,2,1.4,1.4,3.7,1.5,18.8,1.88,0.6941021379,1.304912019
"AVL,EVE,LIV",1.3,1,1.5,1.5,2.3,1.3,2,3.6,1.5,1.5,17.5,1.75,0.7457285774,1.30502501
"BUR,WHU,WOL",1.5,3.5,2.5,0.8,1.4,1.3,0.8,1,0.9,1.5,15.2,1.52,0.8586811593,1.305195362
"EVE,NEW,SOU",1.4,1,1.5,0.9,3.7,1.9,1.9,1.4,1.5,1.5,16.7,1.67,0.7818070236,1.305617729
"FUL,LEE,WHU",1.5,0.8,1.5,3.6,2,1,1,1,2,1.5,15.9,1.59,0.8211780156,1.305673045
"BUR,FUL,TOT",1.9,2,1.4,1.9,1.4,1,1,1.4,0.9,3.6,16.5,1.65,0.7919736247,1.306756481
"LEI,SHU,WBA",1.3,1.8,1.3,2.5,0.8,2,1.5,3,2.5,0.8,17.5,1.75,0.747217059,1.307629853
"BHA,EVE,MUN",3.6,0.8,1.5,1.5,1.4,0.9,2,1.9,0.8,1.5,15.9,1.59,0.8225299724,1.307822656
"BHA,FUL,WOL",1.8,1.9,1.5,0.8,1.4,0.9,0.8,1.9,1.9,3.5,16.4,1.64,0.7974960815,1.307893574
"EVE,LEE,MUN",3.6,0.8,1.5,1.5,1.8,1.8,2,1.3,0.8,1.5,16.6,1.66,0.7890923055,1.309893227
"AVL,CRY,WHU",1.5,1.5,1.5,3.6,1.4,1.4,2.5,1,1.5,1.4,17.3,1.73,0.7572611468,1.310061784
"BUR,CHE,SOU",1.4,3,1.3,0.8,1.4,1.9,1.9,1.3,0.9,3,16.9,1.69,0.7752418977,1.310158807
"ARS,AVL,WHU",1.4,1.5,1.5,1.4,3.6,1.5,2.5,1,1.5,1.5,17.4,1.74,0.7530677998,1.310337972
"AVL,TOT,WHU",1.5,1.5,1.4,3.6,2.5,1.5,1.4,1,1.5,1.5,17.4,1.74,0.7530677998,1.310337972
"FUL,NEW,WBA",3,1.5,1.5,2,2,1,1,3,2,1.5,18.5,1.85,0.7090682462,1.311776255
"AVL,MUN,TOT",1.9,0.8,1.4,3,1.8,1.5,1.4,1.4,0.8,3,17,1.7,0.7717224602,1.311928182
"ARS,CHE,TOT",1.4,2.5,1.3,0.8,2.5,2.4,1.4,1.3,1.8,3,18.4,1.84,0.7136759302,1.313163712
"ARS,MUN,WHU",1.4,0.8,1.8,1.4,1.8,3,3,1,0.8,1.5,16.5,1.65,0.7961713942,1.3136828
"FUL,TOT,WOL",1.8,2,1.4,0.8,1.8,1,0.8,1.4,2,3.5,16.5,1.65,0.7961713942,1.3136828
"CHE,CRY,WHU",1.5,3.6,1.3,0.8,1.4,1.4,2.3,1,1.8,1.4,16.5,1.65,0.7975657409,1.315983473
"AVL,FUL,MCI",3.1,1.5,1.5,1.8,2,1,1,3,1.5,1.8,18.2,1.82,0.7238784428,1.317458766
"LEE,NEW,SOU",1.4,0.8,1.8,0.9,3,1.8,1.9,1.3,3,1.5,17.4,1.74,0.7574812062,1.318017299
"MUN,NEW,WHU",1.5,0.8,1.8,2,1.8,3.5,2,1,0.8,1.5,16.7,1.67,0.7902882737,1.319781417
"AVL,FUL,WOL",1.8,1.5,1.5,0.8,1.8,1,0.8,3,1.5,3,16.7,1.67,0.7902882737,1.319781417
"AVL,EVE,FUL",3.1,1,1.5,1.5,2,1,1,3,1.5,1.5,17.1,1.71,0.7723700898,1.320752853
"EVE,FUL,MCI",3.1,1,1.5,1.5,2,1,1,3,1.5,1.5,17.1,1.71,0.7723700898,1.320752853
"EVE,FUL,WBA",3.1,1,1.5,1.5,2,1,1,3,1.5,1.5,17.1,1.71,0.7723700898,1.320752853
"CHE,TOT,WOL",1.8,3,1.3,0.8,1.8,1.3,0.8,1.3,1.8,3,16.9,1.69,0.7823753007,1.322214258
"EVE,MCI,WBA",3.1,1,1.5,1.5,2,2,1.5,3.1,1.5,1.5,18.7,1.87,0.7071853442,1.322436594
"ARS,CHE,WHU",1.4,2.5,1.3,0.8,2.5,3,2.3,1,1.8,1.5,18.1,1.81,0.7309810759,1.323075747
"BHA,LEE,MCI",3.6,0.8,1.8,1.8,1.4,0.9,1.8,1.3,1.9,1.8,17.1,1.71,0.773807326,1.323210527
"BUR,LEE,SHU",3,0.8,1.3,1.9,0.8,1.8,3,1.3,0.9,1.3,16.1,1.61,0.8225299724,1.324273256
"LEE,MCI,WBA",3.1,0.8,1.8,1.8,2,1.8,1.5,1.3,3,1.5,18.6,1.86,0.7121173436,1.324538259
"EVE,SHU,WBA",3,1,1.3,1.5,0.8,2,1.5,3.1,1.5,1.3,17,1.7,0.7803133274,1.326532657
"AVL,CRY,FUL",2.5,1.5,1.5,3.6,1.4,1,1,1.4,1.5,1.4,16.8,1.68,0.7899367063,1.327093667
"FUL,MUN,TOT",1.9,0.8,1.4,3,1.8,1,1,1.4,0.8,3,16.1,1.61,0.8252272414,1.328615859
"LIV,SHU,WOL",1.3,1.8,1.3,0.8,0.8,1.3,0.8,3.5,2.5,1.3,15.4,1.54,0.8630694577,1.329126965
"BUR,MUN,WHU",1.5,0.8,1.8,1.9,1.4,3,3,1,0.8,1.5,16.7,1.67,0.7958922317,1.329140027
"SOU,TOT,WBA",1.4,2.5,1.4,0.9,2,1.9,1.4,1.4,3.5,1.5,17.9,1.79,0.7430417963,1.330044815
"FUL,TOT,WHU",1.5,2,1.4,3.6,2,1,1,1,2,1.5,17,1.7,0.7831560083,1.331365214
"LEI,SOU,WBA",1.3,1.8,2.4,0.9,1.3,1.9,1.5,1.4,3.5,0.8,16.8,1.68,0.7941452428,1.334164008
"LEI,NEW,SOU",1.3,1.5,2.4,0.9,1.3,1.9,1.8,1.4,3.5,0.8,16.8,1.68,0.7941452428,1.334164008
"ARS,LEI,WBA",1.3,1.8,3.7,1.4,1.3,2,1.5,1.4,1.9,0.8,17.1,1.71,0.7809538328,1.335431054
"FUL,SOU,TOT",1.4,2,1.4,0.9,2,1,1,1.4,2,3.6,16.7,1.67,0.8000694414,1.336115967
"EVE,LIV,MCI",1.3,1,1.5,1.5,2.3,1.3,1.8,3.7,1.5,1.5,17.4,1.74,0.7691264887,1.33828009
"NEW,SHU,WHU",1.5,1.5,1.3,2,0.8,3.6,2,1,2,1.3,17,1.7,0.7874007874,1.338581339
"SHU,TOT,WHU",1.5,1.8,1.3,3.5,0.8,2.4,1.4,1,2,1.3,17,1.7,0.7874007874,1.338581339
"BUR,EVE,SHU",3,1,1.3,1.5,0.8,3,2,1.9,0.9,1.3,16.7,1.67,0.8028421735,1.34074643
"BUR,EVE,MCI",3.6,1,1.5,1.5,1.4,2.3,1.8,1.9,0.9,1.5,17.4,1.74,0.7705697748,1.340791408
"FUL,MCI,SHU",3,1.8,1.3,1.8,0.8,1,1,3,2,1.3,17,1.7,0.7888106377,1.340978084
"LEE,MUN,WHU",1.5,0.8,1.8,3,1.8,1.8,3,1,0.8,1.5,17,1.7,0.7888106377,1.340978084
"BHA,LEI,NEW",1.3,1.5,3.6,2,1.3,0.9,1.8,1.9,1.9,0.8,17,1.7,0.7888106377,1.340978084
"ARS,BHA,WOL",1.4,1.9,3,0.8,1.4,0.9,0.8,1.4,1.9,3,16.5,1.65,0.8141116495,1.343284222
"BHA,SHU,WHU",1.5,1.8,1.3,2.4,0.8,0.9,3.5,1,1.9,1.3,16.4,1.64,0.8194849331,1.34395529
"BHA,CRY,WHU",1.5,1.9,1.9,2.4,1.4,0.9,3.5,1,1.9,1.4,17.8,1.78,0.7554248253,1.344656189
"FUL,NEW,SHU",3,1.5,1.3,2,0.8,1,1,3,2,1.3,16.9,1.69,0.7964504588,1.346001275
"AVL,BUR,FUL",3.1,1.5,1.5,1.9,1.4,1,1,1.9,0.9,3,17.2,1.72,0.7828722047,1.346540192
"ARS,LEI,WHU",1.3,1.8,3.1,1.4,1.3,3,1.8,1,1.9,0.8,17.4,1.74,0.7748835038,1.348297297
"BUR,NEW,SHU",3,1.5,1.3,1.9,0.8,3,2,1.9,0.9,1.3,17.6,1.76,0.7691264887,1.35366262
"AVL,LIV,SHU",1.3,1.5,1.3,1.8,0.8,1.3,2.5,3.6,1.5,1.3,16.9,1.69,0.8020113604,1.355399199
"FUL,MCI,WBA",3.1,2,1.5,1.8,2,1,1,3,2,1.5,18.9,1.89,0.7171703656,1.355451991
"AVL,MCI,NEW",3,1.5,1.5,1.8,2.9,1.5,1.8,3,1.5,1.5,20,2,0.6782329983,1.356465997
"BUR,CRY,SHU",2.5,1.8,1.3,1.9,0.8,1.4,3.5,1.4,0.9,1.3,16.8,1.68,0.8080154014,1.357465874
"MCI,SOU,WHU",1.4,3,2.4,0.9,2.9,1.9,1.8,1,2,1.5,18.8,1.88,0.7223418704,1.358002716
"BHA,MCI,MUN",3.6,0.8,1.8,1.8,1.4,0.9,1.8,1.9,0.8,1.8,16.6,1.66,0.8181279444,1.358092388
"BUR,MCI,WHU",1.5,3.4,2.5,1.8,1.4,2.3,1.8,1,0.9,1.5,18.1,1.81,0.7519604008,1.361048326
"LEE,MUN,WBA",3.1,0.8,1.8,3,1.8,1.8,1.5,1.3,0.8,1.5,17.4,1.74,0.7834397091,1.363185094
"MCI,SOU,WBA",1.4,2.5,2.4,0.9,2,1.9,1.5,1.4,3.4,1.5,18.9,1.89,0.7218032973,1.364208232
"BUR,MCI,WOL",1.8,3.4,2.5,0.8,1.4,1.3,0.8,1.9,0.9,1.8,16.6,1.66,0.8221921916,1.364839038
"FUL,MUN,SHU",3,0.8,1.3,3,0.8,1,1,2.3,0.8,1.3,15.3,1.53,0.8932462644,1.366666785
"LIV,MCI,SOU",1.3,3,2.4,0.9,2.3,1.3,1.8,1.4,2.9,1.8,19.1,1.91,0.7156193898,1.366833035
"LEE,SHU,TOT",1.9,0.8,1.3,3.5,0.8,1.8,1.4,1.3,2.5,1.3,16.6,1.66,0.8235424836,1.367080523
"LEI,MUN,WHU",1.3,0.8,1.8,2.5,1.3,3.5,1.8,1,0.8,0.8,15.6,1.56,0.8783823516,1.370276468
"MCI,SHU,WOL",1.8,1.8,1.3,0.8,0.8,1.3,0.8,3.5,2.5,1.3,15.9,1.59,0.862103371,1.37074436
"BHA,SOU,WOL",1.4,1.9,2.4,0.8,1.4,0.9,0.8,1.4,1.9,3.5,16.4,1.64,0.8369255907,1.372557969
"CRY,FUL,SHU",2.5,1.8,1.3,3.5,0.8,1,1,1.4,2,1.3,16.6,1.66,0.8275801405,1.373783033
"BUR,MUN,NEW",3,0.8,1.8,1.9,1.4,3,2,1.9,0.8,1.5,18.1,1.81,0.7593125546,1.374355724
"LIV,NEW,WBA",1.3,1.5,2.9,1.8,2,1.3,1.5,3,2.9,1.5,19.7,1.97,0.6976946164,1.374458394
"BHA,BUR,WHU",1.5,1.9,2.5,1.9,1.4,0.9,3.5,1,0.9,1.5,17,1.7,0.8096638534,1.376428551
"BUR,LIV,WOL",1.3,3.5,2.5,0.8,1.4,1.3,0.8,1.9,0.9,1.8,16.2,1.62,0.8521867297,1.380542502
"CHE,MCI,WHU",1.5,3.4,1.3,0.8,2.5,2.3,1.8,1,1.8,1.5,17.9,1.79,0.7723700898,1.382542461
"BHA,BUR,CRY",2.5,1.9,1.9,1.9,1.4,0.9,3.5,1.4,0.9,1.4,17.7,1.77,0.7818070236,1.383798432
"BUR,FUL,MUN",3.1,0.8,1.5,1.9,1.4,1,1,1.9,0.8,3,16.4,1.64,0.844853702,1.385560071
"LEI,MUN,NEW",1.3,0.8,1.8,2,1.3,3.5,1.8,2.3,0.8,0.8,16.4,1.64,0.844853702,1.385560071
"FUL,LEE,WBA",3.1,0.8,1.5,3,2,1,1,1.3,2,1.5,17.2,1.72,0.806639118,1.387419283
"BUR,CHE,TOT",1.8,3,1.3,0.8,1.4,2.4,1.4,1.3,0.9,3,17.3,1.73,0.8042249547,1.391309172
"AVL,EVE,MUN",3.6,0.8,1.5,1.5,1.8,1.5,2,2.3,0.8,1.5,17.3,1.73,0.8056053624,1.393697277
"LIV,NEW,WOL",1.3,1.5,2.9,0.8,1.8,1.3,0.8,3,2.5,1.5,17.4,1.74,0.8016649342,1.394896985
"CHE,SOU,TOT",1.4,3,1.3,0.8,2.5,1.9,1.4,1.3,1.8,3,18.4,1.84,0.7589466384,1.396461815
"LIV,MCI,NEW",1.3,1.5,2.9,1.8,2.3,1.3,1.8,3,2.9,1.5,20.3,2.03,0.6880729935,1.396788177
"BHA,FUL,TOT",1.9,1.9,1.4,2.4,1.4,0.9,1,1.4,1.9,3.6,17.8,1.78,0.7857056277,1.398556017
"CRY,FUL,LEE",2.5,0.8,1.5,3.6,1.4,1,1,1.3,2,1.4,16.5,1.65,0.8488554385,1.400611474
"BHA,BUR,SOU",1.4,1.9,2.4,0.9,1.4,0.9,1.9,1.4,0.9,3.6,16.7,1.67,0.8407007659,1.403970279
"LEI,NEW,TOT",1.3,1.5,1.4,2,1.3,2.4,1.4,1.4,3.7,0.8,17.2,1.72,0.8175845182,1.406245371
"BUR,CRY,LIV",1.3,3.5,1.9,1.8,1.4,1.3,2.8,1.4,0.9,1.4,17.7,1.77,0.7944949479,1.406256058
"AVL,BHA,FUL",3.1,1.5,1.5,2.4,1.4,0.9,1,1.9,1.5,3,18.2,1.82,0.7728734265,1.406629636
"MCI,NEW,WOL",1.8,1.5,2.9,0.8,1.8,1.3,0.8,3,2.5,1.5,17.9,1.79,0.7866242926,1.408057484
"NEW,SOU,WHU",1.4,1.5,2.4,0.9,3.6,1.9,1.9,1,2,1.5,18.1,1.81,0.7781031066,1.408366623
"ARS,CHE,MUN",1.4,0.8,1.3,0.8,1.8,3,2.3,1.3,0.8,3,16.5,1.65,0.8540751984,1.409224077
"BUR,CHE,MUN",1.8,0.8,1.3,0.8,1.4,3,2.3,1.3,0.8,3,16.5,1.65,0.8540751984,1.409224077
"EVE,MUN,NEW",3,0.8,1.5,1.5,1.8,3,2,2.3,0.8,1.5,18.2,1.82,0.7771743691,1.414457352
"LEE,TOT,WHU",1.5,0.8,1.4,3.6,2.5,1.8,1.4,1,2,1.5,17.5,1.75,0.8086339647,1.415109438
"NEW,SHU,WBA",3,1.5,1.3,2,0.8,2,1.5,3,2.5,1.3,18.9,1.89,0.7489993324,1.415608738
"CHE,NEW,WHU",1.5,1.5,1.3,0.8,2.5,3.6,2,1,1.8,1.5,17.5,1.75,0.8100068587,1.417512003
"ARS,NEW,SOU",1.4,1.5,2.4,0.9,3.7,1.9,1.9,1.4,1.9,1.5,18.5,1.85,0.7663042622,1.417662885
"LEI,SHU,WHU",1.3,1.8,1.3,2.5,0.8,3.5,1.8,1,2,0.8,16.8,1.68,0.8443274773,1.418470162
"BHA,LEI,WBA",1.3,1.8,3.6,2.4,1.3,0.9,1.5,1.9,1.9,0.8,17.4,1.74,0.8154071921,1.418808514
"LEI,LIV,WOL",1.3,1.8,2.9,0.8,1.3,1.3,0.8,3,2.5,0.8,16.5,1.65,0.8605553762,1.419916371
"LEI,MCI,WOL",1.3,1.8,2.9,0.8,1.3,1.3,0.8,3,2.5,0.8,16.5,1.65,0.8605553762,1.419916371
"AVL,MUN,WBA",3.1,0.8,1.5,3,1.8,1.5,1.5,2.3,0.8,1.5,17.8,1.78,0.7983315936,1.421030237
"CHE,LIV,WHU",1.3,3.6,1.3,0.8,2.3,1.3,2.3,1,1.8,1.5,17.2,1.72,0.8270429251,1.422513831
"CRY,MUN,SHU",2.5,0.8,1.3,3,0.8,1.4,3,1.4,0.8,1.3,16.3,1.63,0.8756584824,1.427323326
"CRY,LEE,MUN",2.5,0.8,1.8,3,1.4,1.4,3,1.3,0.8,1.4,17.4,1.74,0.8208396785,1.428261041
"AVL,CRY,SHU",2.5,1.5,1.3,3.5,0.8,1.4,2.5,1.4,1.5,1.3,17.7,1.77,0.8069834089,1.428360634
"LEI,NEW,WOL",1.3,1.5,3,0.8,1.3,1.3,0.8,3,2.5,0.8,16.3,1.63,0.8769264507,1.429390115
"LEE,SHU,WBA",3,0.8,1.3,3,0.8,1.8,1.5,1.3,2.5,1.3,17.3,1.73,0.8273787256,1.431365195
"BHA,LEE,SHU",3,0.8,1.3,2.4,0.8,0.9,3,1.3,1.9,1.3,16.7,1.67,0.8590045919,1.434537668
"FUL,LEE,TOT",1.9,0.8,1.4,3.6,2,1,1,1.3,2,2.3,17.3,1.73,0.8313977521,1.438318111
"BHA,BUR,WOL",1.8,1.9,2.5,0.8,1.4,0.9,0.8,1.9,0.9,3.5,16.4,1.64,0.8771164879,1.43847104
"MUN,SHU,WBA",3,0.8,1.3,3,0.8,2,1.5,2.3,0.8,1.3,16.8,1.68,0.8573862088,1.440408831
"EVE,MUN,SHU",3,0.8,1.3,1.5,0.8,3,2,2.3,0.8,1.3,16.8,1.68,0.8573862088,1.440408831
"MCI,SHU,WBA",3,1.8,1.3,1.8,0.8,2,1.5,3.1,2.5,1.3,19.1,1.91,0.7549098548,1.441877823
"FUL,LEE,MUN",3.1,0.8,1.5,3,1.8,1,1,1.3,0.8,2.3,16.6,1.66,0.8694826048,1.443341124
"MCI,NEW,SHU",3,1.5,1.3,1.8,0.8,2.3,1.8,3,2.5,1.3,19.3,1.93,0.7484057129,1.444423026
"NEW,WBA,WOL",1.8,1.5,3,0.8,1.8,1.3,0.8,3,2.5,1.5,18,1.8,0.8027729719,1.444991349
"BHA,BUR,MCI",3.6,1.9,2.5,1.8,1.4,0.9,1.8,1.9,0.9,1.8,18.5,1.85,0.7820912138,1.446868745
"FUL,MUN,WBA",3.1,0.8,1.5,3,1.8,1,1,2.3,0.8,1.5,16.8,1.68,0.8625543461,1.449091301
"BHA,MUN,SHU",3,0.8,1.3,2.4,0.8,0.9,3,1.9,0.8,1.3,16.2,1.62,0.8966604709,1.452589963
"LIV,MCI,WHU",1.3,3.4,2.9,1.8,2.3,1.3,1.8,1,2,1.5,19.3,1.93,0.7543208866,1.455839311
"LEI,WBA,WOL",1.3,1.8,3,0.8,1.3,1.3,0.8,3,2.5,0.8,16.6,1.66,0.8771164879,1.45601337
"EVE,MCI,MUN",3.6,0.8,1.5,1.5,1.8,2.3,1.8,2.3,0.8,1.5,17.9,1.79,0.8171087239,1.462624616
"AVL,CRY,TOT",1.9,1.5,1.4,4.1,1.4,1.4,1.4,1.4,1.5,1.4,17.4,1.74,0.8435375247,1.467755293
"LEI,MUN,SHU",1.3,0.8,1.3,2.5,0.8,3.5,1.8,2.3,0.8,0.8,15.9,1.59,0.9243015381,1.469639446
"MCI,NEW,SOU",1.4,1.5,2.4,0.9,2.9,1.9,1.8,1.4,3.4,1.5,19.1,1.91,0.769487564,1.469721247
"CRY,LIV,WHU",1.3,3.6,1.9,1.8,1.4,1.3,2.8,1,2,1.4,18.5,1.85,0.7975657409,1.475496621
"MCI,WHU,WOL",1.5,3.4,2.9,0.8,1.8,1.3,0.8,1,2,1.5,17,1.7,0.8679477711,1.475511211
"LEI,LIV,NEW",1.3,1.5,2.9,1.8,1.3,1.3,1.8,3,2.9,0.8,18.6,1.86,0.7933053216,1.475547898
"LEI,LIV,WBA",1.3,1.8,2.9,1.8,1.3,1.3,1.5,3,2.9,0.8,18.6,1.86,0.7933053216,1.475547898
"LIV,MCI,WBA",1.3,2.5,2.9,1.8,2,1.3,1.5,3.1,2.9,1.5,20.8,2.08,0.709929574,1.476653514
"BHA,CRY,SHU",2.5,1.8,1.3,2.4,0.8,0.9,3.5,1.4,1.9,1.3,17.8,1.78,0.8310635756,1.479293165
"CHE,LIV,WOL",1.3,4,1.3,0.8,1.8,1.3,0.8,1.3,1.8,1.8,16.2,1.62,0.9138441394,1.480427506
"LEI,LIV,MCI",1.3,1.8,2.9,1.8,1.3,1.3,1.8,3,2.9,0.8,18.9,1.89,0.7837941907,1.48137102
"EVE,MCI,NEW",3,1,1.5,1.5,2.9,2.3,1.8,3,1.5,1.5,20,2,0.740870359,1.481740718
"BHA,FUL,MUN",3.1,0.8,1.5,2.4,1.4,0.9,1,1.9,0.8,3,16.8,1.68,0.8854377448,1.487535411
"BUR,CHE,WOL",1.8,3.5,1.3,0.8,1.4,1.3,0.8,1.3,0.9,3,16.1,1.61,0.9243015381,1.488125476
"LEE,MCI,NEW",3,0.8,1.8,1.8,2.9,1.8,1.8,1.3,3,1.5,19.7,1.97,0.7557924465,1.48891112
"ARS,BUR,CHE",1.4,2.5,1.3,0.8,1.4,3,2.3,1.3,0.9,3,17.9,1.79,0.833266664,1.491547329
"EVE,LEE,MCI",3.6,0.8,1.5,1.5,2.9,1.8,1.8,1.3,1.5,1.5,18.2,1.82,0.8202980488,1.492942449
"BUR,TOT,WOL",1.8,3,1.4,0.8,1.4,1.3,0.8,1.4,0.9,3.5,16.3,1.63,0.9177871939,1.495993126
"CHE,CRY,WOL",1.8,4.1,1.3,0.8,1.4,1.3,0.8,1.3,1.8,1.4,16,1.6,0.9404490653,1.504718504
"ARS,AVL,SOU",1.4,1.5,1.5,0.9,3.6,1.5,1.9,1.4,1.5,3,18.2,1.82,0.8283853102,1.507661265
"CRY,TOT,WHU",1.5,3,1.4,3.6,1.4,1.4,1.4,1,2,1.4,18.1,1.81,0.833266664,1.508212662
"FUL,LEE,SHU",3,0.8,1.3,3.5,0.8,1,1,1.3,2,1.3,16,1.6,0.9428090416,1.508494467
"ARS,SOU,WHU",1.4,2.5,2.4,0.9,3.6,1.9,1.9,1,1.9,1.5,19,1.9,0.7972173829,1.514713027
"CHE,CRY,LIV",1.3,4,1.3,0.8,1.4,1.3,2.3,1.3,1.8,1.4,16.9,1.69,0.8999382695,1.520895675
"ARS,BUR,SHU",1.4,1.8,1.3,1.4,0.8,3,3.6,1.4,0.9,1.3,16.9,1.69,0.9036346361,1.527142535
"ARS,EVE,WHU",1.4,1,1.5,1.4,3.6,3,2,1,1.5,1.5,17.9,1.79,0.855634917,1.531586501
"EVE,NEW,WHU",1.5,1,1.5,1.5,3.6,3,2,1,1.5,1.5,18.1,1.81,0.8464960458,1.532157843
"AVL,MCI,SHU",3,1.5,1.3,1.8,0.8,1.5,1.8,3.6,1.5,1.3,18.1,1.81,0.8464960458,1.532157843
"BUR,SOU,TOT",1.4,3,1.4,0.9,1.4,1.9,1.4,1.4,0.9,3.6,17.3,1.73,0.8857514073,1.532349935
"AVL,EVE,LEE",3.6,0.8,1.5,1.5,3,1.5,2,1.3,1.5,1.5,18.2,1.82,0.8443274773,1.536676009
"ARS,EVE,SOU",1.4,1,1.5,0.9,4.1,1.9,1.9,1.4,1.5,1.5,17.1,1.71,0.8987027688,1.536781735
"MCI,SOU,TOT",1.4,3,1.4,0.9,2.5,1.9,1.4,1.4,3.4,1.8,19.1,1.91,0.8047774019,1.537124838
"BUR,LIV,WHU",1.3,3.5,2.5,1.8,1.4,1.3,2.8,1,0.9,1.5,18,1.8,0.8550503559,1.539090641
"ARS,LEI,NEW",1.3,1.5,3.6,1.4,1.3,3,1.8,1.4,1.9,0.8,18,1.8,0.8563488386,1.541427909
"AVL,MUN,SHU",3,0.8,1.3,3,0.8,1.5,2.5,2.3,0.8,1.3,17.3,1.73,0.8920014948,1.543162586
"ARS,BHA,WHU",1.4,1.9,3.1,1.4,1.4,0.9,3.5,1,1.9,1.5,18,1.8,0.8576453554,1.54376164
"BHA,NEW,WBA",3,1.5,3.6,2,1.4,0.9,1.5,1.9,1.9,1.5,19.2,1.92,0.8052604824,1.546100126
"LEE,SHU,WHU",1.5,0.8,1.3,3.5,0.8,1.8,3,1,2,1.3,17,1.7,0.9128709292,1.55188058
"AVL,EVE,SHU",3,1,1.3,1.5,0.8,1.5,2,3.6,1.5,1.3,17.5,1.75,0.8885068624,1.554887009
"AVL,FUL,TOT",1.9,1.5,1.4,3.6,2,1,1,1.4,1.5,3,18.3,1.83,0.8499019551,1.555320578
"ARS,EVE,NEW",1.4,1,1.5,1.4,3.7,3,2,1.4,1.5,1.5,18.4,1.84,0.8474799244,1.559363061
"AVL,SHU,WBA",3,1.5,1.3,3,0.8,1.5,1.5,3.1,1.5,1.3,18.5,1.85,0.8436033823,1.560666257
"LIV,WHU,WOL",1.3,3.6,2.9,0.8,1.8,1.3,0.8,1,2,1.5,17,1.7,0.9201449161,1.564246357
"LIV,WBA,WOL",1.3,2.5,2.9,0.8,1.8,1.3,0.8,3.1,2.5,1.5,18.5,1.85,0.846233485,1.565531947
"MCI,WBA,WOL",1.8,2.5,2.9,0.8,1.8,1.3,0.8,3.1,2.5,1.5,19,1.9,0.8246211251,1.566780138
"CRY,LEE,WHU",1.5,0.8,1.8,3.6,1.4,1.4,3,1,2,1.4,17.9,1.79,0.877433125,1.570605294
"BHA,BUR,SHU",3,1.8,1.3,1.9,0.8,0.9,3.5,1.9,0.9,1.3,17.3,1.73,0.9080504147,1.570927217
"BHA,BUR,TOT",1.9,1.9,1.4,1.9,1.4,0.9,1.4,1.4,0.9,4.1,17.2,1.72,0.9138441394,1.57181192
"AVL,BHA,LEE",3.6,0.8,1.5,2.4,1.4,0.9,2.5,1.3,1.5,2.3,18.2,1.82,0.8651268372,1.574530844
"BUR,CHE,WHU",1.5,3.5,1.3,0.8,1.4,3,2.3,1,0.9,1.5,17.2,1.72,0.9162726426,1.575988945
"AVL,FUL,WBA",3.1,1.5,1.5,3,2,1,1,3,1.5,1.5,19.1,1.91,0.8252272414,1.576184031
"BUR,SHU,WHU",1.5,1.8,1.3,1.9,0.8,3,3.6,1,0.9,1.3,17.1,1.71,0.9218941853,1.576439057
"CRY,LIV,WOL",1.3,4,1.9,0.8,1.4,1.3,0.8,1.4,2.4,1.4,16.7,1.67,0.9440456674,1.576556265
"CHE,SHU,WHU",1.5,1.8,1.3,0.8,0.8,4,2.3,1,1.8,1.3,16.6,1.66,0.9500877152,1.577145607
"ARS,BUR,MUN",1.4,0.8,1.8,1.4,1.4,3,3,1.4,0.8,3,18,1.8,0.8793937306,1.582908715
"EVE,NEW,SHU",3,1,1.3,1.5,0.8,3,2,3,1.5,1.3,18.4,1.84,0.860490816,1.583303101
"LEI,NEW,WHU",1.3,1.5,3.1,2,1.3,3.5,1.8,1,2,0.8,18.3,1.83,0.8743886753,1.600131276
"BUR,SOU,WOL",1.4,3,2.4,0.8,1.4,1.3,0.8,1.4,0.9,3.5,16.9,1.69,0.949210198,1.604165235
"BUR,EVE,MUN",3.6,0.8,1.5,1.5,1.4,3,2,1.9,0.8,1.5,18,1.8,0.8919392107,1.605490579
"LEE,MUN,SHU",3,0.8,1.3,3,0.8,1.8,3,1.3,0.8,1.3,17.1,1.71,0.9421606374,1.61109469
"LIV,MCI,SHU",1.3,1.8,1.3,1.8,0.8,1.3,1.8,4,2.5,1.3,17.9,1.79,0.9024041962,1.615303511
"CRY,LEE,TOT",1.9,0.8,1.4,4.1,1.4,1.4,1.4,1.3,2.4,1.4,17.5,1.75,0.924061085,1.617106899
"FUL,SHU,WBA",3,1.8,1.3,3,0.8,1,1,3,2,1.3,18.2,1.82,0.8904430857,1.620606416
"AVL,LEE,SHU",3,0.8,1.3,3.5,0.8,1.5,2.5,1.3,1.5,1.3,17.5,1.75,0.9264628073,1.621309913
"ARS,BHA,BUR",1.4,1.9,2.5,1.4,1.4,0.9,3.5,1.4,0.9,3,18.3,1.83,0.887004948,1.623219055
"SOU,TOT,WOL",1.4,3,1.4,0.8,1.8,1.3,0.8,1.4,2.5,3.5,17.9,1.79,0.9158481194,1.639368134
"BHA,BUR,FUL",3.1,1.9,1.5,1.9,1.4,0.9,1,1.9,0.9,3.6,18.1,1.81,0.9109823757,1.6488781
"AVL,LEE,WHU",1.5,0.8,1.5,3.6,3,1.5,2.5,1,1.5,1.5,18.4,1.84,0.8971560003,1.650767041
"BUR,MUN,SHU",3,0.8,1.3,1.9,0.8,3,3,1.9,0.8,1.3,17.8,1.78,0.9330952077,1.66090947
"MCI,NEW,WBA",3,1.5,2.9,1.8,2,2,1.5,3,3.4,1.5,22.6,2.26,0.7366591251,1.664849623
"EVE,MCI,SHU",3,1,1.3,1.5,0.8,2.3,1.8,3.7,1.5,1.3,18.2,1.82,0.9199033766,1.674224145
"LEI,NEW,SHU",1.3,1.5,1.3,2,0.8,3.5,1.8,3,2.5,0.8,18.5,1.85,0.9082951062,1.680345947
"BHA,BUR,LEE",3.6,0.8,1.8,1.9,1.4,0.9,3,1.3,0.9,2.3,17.9,1.79,0.940980576,1.684355231
"LEI,MCI,WBA",1.3,1.8,2.9,1.8,1.3,2,1.5,3,3.4,0.8,19.8,1.98,0.8508818954,1.684746153
"AVL,BHA,BUR",3.6,1.5,1.5,1.9,1.4,0.9,2.5,1.9,0.9,3,19.1,1.91,0.8837420438,1.687947304
"MUN,NEW,SHU",3,0.8,1.3,2,0.8,3.5,2,2.3,0.8,1.3,17.8,1.78,0.9519570485,1.694483546
"AVL,FUL,LEE",3.1,0.8,1.5,3.6,2,1,1,1.3,1.5,2.3,18.1,1.81,0.9386160024,1.698894964
"BUR,CRY,WHU",1.5,3.5,1.9,1.9,1.4,1.4,3.5,1,0.9,1.4,18.4,1.84,0.9311880106,1.71338594
"LEI,MCI,NEW",1.3,1.5,2.9,1.8,1.3,2.3,1.8,3,3.4,0.8,20.1,2.01,0.8569325139,1.722434353
"CRY,SHU,WHU",1.5,1.8,1.3,3.5,0.8,1.4,3.5,1,2,1.3,18.1,1.81,0.9550450833,1.728631601
"CRY,LEE,SHU",2.5,0.8,1.3,3.5,0.8,1.4,3,1.3,2.4,1.3,18.3,1.83,0.9475699916,1.734053085
"AVL,LEE,TOT",1.9,0.8,1.4,4.1,2.5,1.5,1.4,1.3,1.5,2.3,18.7,1.87,0.9274217547,1.734278681
"LEI,TOT,WBA",1.3,1.8,1.4,2.5,1.3,2,1.4,1.4,4.2,0.8,18.1,1.81,0.9585289655,1.734937428
"AVL,FUL,MUN",3.1,0.8,1.5,3,1.8,1,1,2.3,0.8,3,18.3,1.83,0.9534149149,1.744749294
"AVL,EVE,NEW",3,1,1.5,1.5,3.6,1.5,2,3,1.5,1.5,20.1,2.01,0.8698020209,1.748302062
"AVL,CRY,LEE",2.5,0.8,1.5,4.1,1.4,1.4,2.5,1.3,1.5,1.4,18.4,1.84,0.9524238086,1.752459808
"ARS,BUR,WHU",1.4,2.5,2.5,1.4,1.4,3,3.6,1,0.9,1.5,19.2,1.92,0.9150591966,1.756913658
"AVL,FUL,SHU",3,1.5,1.3,3.5,0.8,1,1,3,1.5,1.3,17.9,1.79,0.9848293704,1.762844573
"BHA,LEE,MUN",3.6,0.8,1.8,2.4,1.4,0.9,3,1.3,0.8,2.3,18.3,1.83,0.9718824803,1.778544939
"MUN,SHU,WHU",1.5,0.8,1.3,3,0.8,3.5,3,1,0.8,1.3,17,1.7,1.048808848,1.782975042
"ARS,NEW,WHU",1.4,1.5,3.1,1.4,3.6,3,2,1,1.9,1.5,20.4,2.04,0.8809086218,1.797053589
"ARS,SHU,WHU",1.4,1.8,1.3,1.4,0.8,3,4.1,1,1.9,1.3,18,1.8,1.011050059,1.819890107
"AVL,BHA,MUN",3.6,0.8,1.5,2.4,1.4,0.9,2.5,1.9,0.8,3,18.8,1.88,0.9738811244,1.830896514
"BHA,BUR,MUN",3.6,0.8,1.8,1.9,1.4,0.9,3,1.9,0.8,3,19.1,1.91,0.999388702,1.908832421
"AVL,EVE,MCI",3.6,1,1.5,1.5,2.9,1.5,1.8,3.6,1.5,1.5,20.4,2.04,0.9547541859,1.947698539
"LIV,MCI,WOL",1.3,3.4,2.9,0.8,1.8,1.3,0.8,3.5,2.5,1.8,20.1,2.01,1.011544474,2.033204392
"LEI,NEW,WBA",1.3,1.5,3.6,2,1.3,2,1.5,3,3.7,0.8,20.7,2.07,1.017677094,2.106591584
"AVL,BUR,MCI",5,1.5,1.5,1.8,1.4,1.5,1.8,1.9,0.9,1.8,19.1,1.91,1.123931591,2.14670934
"BUR,LEE,MCI",5,0.8,1.8,1.8,1.4,1.8,1.8,1.3,0.9,1.8,18.4,1.84,1.175868473,2.163597991
"LEE,MCI,MUN",5,0.8,1.8,1.8,1.8,1.8,1.8,1.3,0.8,1.8,18.7,1.87,1.175726726,2.198608977
"AVL,MCI,MUN",5,0.8,1.5,1.8,1.8,1.5,1.8,2.3,0.8,1.8,19.1,1.91,1.180818925,2.255364147
"BUR,MCI,MUN",5,0.8,1.8,1.8,1.4,2.3,1.8,1.9,0.8,1.8,19.4,1.94,1.176813022,2.283017263
"AVL,BUR,LEE",5,0.8,1.5,1.9,1.4,1.5,2.5,1.3,0.9,2.3,19.1,1.91,1.214221287,2.319162658
"AVL,LEE,MCI",5,0.8,1.5,1.8,2.9,1.5,1.8,1.3,1.5,1.8,19.9,1.99,1.183638458,2.355440532
"BUR,LEE,MUN",5,0.8,1.8,1.9,1.4,1.8,3,1.3,0.8,2.3,20.1,2.01,1.243159058,2.498749707
"AVL,BUR,MUN",5,0.8,1.5,1.9,1.4,1.5,2.5,1.9,0.8,3,20.3,2.03,1.247263672,2.531945253
"AVL,LEE,MUN",5,0.8,1.5,3,1.8,1.5,2.5,1.3,0.8,2.3,20.5,2.05,1.257201478,2.577263029